Product URL,Product Name,Product Price,Rating,Number of reviews
https://www.amazon.in/American-Tourister-AMT-SCH-02/dp/B07CJCGM1M/ref=sr_1_1?crid=2M096C61O4MLT&keywords=bags&qid=1690306524&sprefix=ba%2Caps%2C283&sr=8-1,American Tourister Fizz Large Size 32 Ltrs Casual Backpack (BLACK),₹1199,4.0,55017
https://www.amazon.in/gp/bestsellers/luggage/2917444031/ref=sr_bs_1_2917444031_1,Skybags Brat Black 46 Cms Casual Backpack,₹669,4.1,5212
https://www.amazon.in/Wesley-Milestone-Waterproof-Backpack-Business/dp/B084JGJ8PF/ref=ice_ac_b_dpb?crid=2M096C61O4MLT&keywords=bags&qid=1690306524&sprefix=ba%2Caps%2C283&sr=8-3,Wesley Milestone 2.0 Casual Waterproof Laptop Backpack/Office,₹598,4.3,11877
https://www.amazon.in/Half-Moon-Backpack-Luggage-Compartment/dp/B09VCLZ3K4/ref=sr_1_4?crid=2M096C61O4MLT&keywords=bags&qid=1690306524&sprefix=ba%2Caps%2C283&sr=8-4,Half Moon Large 37L Laptop,₹849,3.9,3247
https://www.amazon.in/Half-Moon-Waterproof-Backpack-Students/dp/B085MHDJ93/ref=sr_1_5?crid=2M096C61O4MLT&keywords=bags&qid=1690306524&sprefix=ba%2Caps%2C283&sr=8-5,Half Moon 35 Ltrs Water Resistant 15.6 inch Laptop,₹649,3.9,16622
https://www.amazon.in/Half-Moon-Resistant-Backpack-Compartment/dp/B0BJ32LQ6X/ref=sr_1_6?crid=2M096C61O4MLT&keywords=bags&qid=1690306524&sprefix=ba%2Caps%2C283&sr=8-6,Half Moon Large 37L Laptop,₹849,3.9,3247
https://www.amazon.in/gp/bestsellers/computers/1375464031/ref=sr_bs_6_1375464031_1,"American Tourister VALEX BLACK LAPTOP BACKPACK 28 Ltrs,Volume, LAPTOP COMPARTMENT, BOTTLE POCKET, FRONT ORGANIZER",₹1299,4.3,584
https://www.amazon.in/Gear-Classic-Leather-Backpack-LBPCLSLTH0201/dp/B07G4F6XFH/ref=sr_1_8?crid=2M096C61O4MLT&keywords=bags&qid=1690306524&sprefix=ba%2Caps%2C283&sr=8-8,Gear Classic 20L Faux Leather Water Resistant Anti Theft Laptop,₹987,4.4,5928
https://www.amazon.in/Gear-Black-Laptop-Backpack-LBPASPIRE0104/dp/B075MK4TXP/ref=sr_1_9?crid=2M096C61O4MLT&keywords=bags&qid=1690306524&sprefix=ba%2Caps%2C283&sr=8-9,Gear Cello 30 Ltrs Black Laptop Backpack (LBPASPIRE0104),₹1125,4.4,5928
https://www.amazon.in/TRUE-HUMAN-Anti-Theft-backpack-charging/dp/B09QJ7ZF2Y/ref=sr_1_10?crid=2M096C61O4MLT&keywords=bags&qid=1690306524&sprefix=ba%2Caps%2C283&sr=8-10,TRUE HUMAN Emperor Anti-Theft backpack With USB charging Port Laptop,₹689,3.8,2327
https://www.amazon.in/NORTH-ZONE-Waterproof-Backpack-Dimensions/dp/B0BS6QQZYN/ref=sr_1_11?crid=2M096C61O4MLT&keywords=bags&qid=1690306524&sprefix=ba%2Caps%2C283&sr=8-11,NORTH ZONE Casual Waterproof Laptop Backpack/Office,₹630,4.0,486
https://www.amazon.in/Half-Moon-Backpack-Spacious-Multiple/dp/B0C23Z9W18/ref=sr_1_12?crid=2M096C61O4MLT&keywords=bags&qid=1690306524&sprefix=ba%2Caps%2C283&sr=8-12,Half Moon Aztec 37L School,₹649,3.6,162
https://www.amazon.in/NORTH-ZONE-Lightweight-Backpacks-Stylish/dp/B0BL3TVDK6/ref=sr_1_13?crid=2M096C61O4MLT&keywords=bags&qid=1690306524&sprefix=ba%2Caps%2C283&sr=8-13,Northzone Lightweight school,₹549,4.0,125
https://www.amazon.in/ADISA-Laptop-Backpack-Office-College/dp/B09TPX22NF/ref=sr_1_14?crid=2M096C61O4MLT&keywords=bags&qid=1690306524&sprefix=ba%2Caps%2C283&sr=8-14,ADISA 15.6 inch Laptop Backpack Office,₹499,3.9,1030
https://www.amazon.in/GEAR-Black-Blue-Backpack-years/dp/B019HA8AYG/ref=sr_1_15?crid=2M096C61O4MLT&keywords=bags&qid=1690306524&sprefix=ba%2Caps%2C283&sr=8-15,Gear CarryOn 16L Foldable Water Resistant School,₹224,3.7,6852
https://www.amazon.in/Lenovo-15-6-Inches-Everyday-Backpack/dp/B08R7RPVJF/ref=sr_1_16?crid=2M096C61O4MLT&keywords=bags&qid=1690306524&sprefix=ba%2Caps%2C283&sr=8-16,"Lenovo 15.6"" (39.62cm) Slim Everyday Backpack, Made in India, Compact, Water-resistant, Organized storage:Laptop sleeve,tablet pocket,front workstation,2-side pockets,Padded adjustable shoulder straps",₹839,4.3,3742
https://www.amazon.in/Lunars-Bingo-Laptop-Resistant-48L/dp/B08YZ8FFBZ/ref=sr_1_17?crid=2M096C61O4MLT&keywords=bags&qid=1690306529&sprefix=ba%2Caps%2C283&sr=8-17,Lunar's Bingo - 48 L Laptop Office/School/Travel/Business Backpack Water Resistant - Fits Up to 15.6 Inch Laptop Notebook with 1 Year Warranty,₹899,3.9,9912
https://www.amazon.in/Nelle-Harper-Womens-Sling-Green/dp/B07JGQM7DC/ref=sr_1_18?crid=2M096C61O4MLT&keywords=bags&qid=1690306529&sprefix=ba%2Caps%2C283&sr=8-18,Nelle Harper Women's Handbag,₹809,3.7,1908
https://www.amazon.in/American-Tourister-BACKPACK-COMPARTMENT-ORGANIZER/dp/B0BTD4FK9G/ref=sr_1_19?crid=2M096C61O4MLT&keywords=bags&qid=1690306529&sprefix=ba%2Caps%2C283&sr=8-19,"American Tourister VALEX BLUE LAPTOP BACKPACK 28 Ltrs,Volume, LAPTOP COMPARTMENT, BOTTLE POCKET, FRONT ORGANIZER",₹1399,4.2,529
https://www.amazon.in/Hammonds-Flycatcher-Leather-Messenger-LB190BRN/dp/B083M1QK32/ref=sr_1_20?crid=2M096C61O4MLT&keywords=bags&qid=1690306529&sprefix=ba%2Caps%2C283&sr=8-20,HAMMONDS FLYCATCHER Laptop,₹5255,4.4,572
https://www.amazon.in/Safari-Backpack-Resistant-Polyester-Travelling/dp/B09B26VHXV/ref=sr_1_21?crid=2M096C61O4MLT&keywords=bags&qid=1690306529&sprefix=ba%2Caps%2C283&sr=8-21,"Safari Flash Casual Backpack, 26 ltr Water Resistant Travel",₹799,3.8,2990
https://www.amazon.in/gp/bestsellers/luggage/2917507031/ref=sr_bs_5_2917507031_1,Sfane Polyester 23cms Duffle/Shoulder/Gym,₹387,4.3,7650
https://www.amazon.in/ADISA-Laptop-Backpack-Office-College/dp/B0BPVLXD53/ref=sr_1_23?crid=2M096C61O4MLT&keywords=bags&qid=1690306529&sprefix=ba%2Caps%2C283&sr=8-23,ADISA 32L Large Laptop Backpack Office,₹599,3.8,263
https://www.amazon.in/Wesley-Spartan-Hiking-Raincover-Organiser/dp/B098QFF5TJ/ref=sr_1_24?crid=2M096C61O4MLT&keywords=bags&qid=1690306529&sprefix=ba%2Caps%2C283&sr=8-24,Wesley Spartan Unisex Travel Hiking Laptop,₹749,4.1,1563
https://www.amazon.in/Half-Moon-Resistant-Backpack-Compartment/dp/B0BLVQ9NTD/ref=sr_1_25?crid=2M096C61O4MLT&keywords=bags&qid=1690306529&sprefix=ba%2Caps%2C283&sr=8-25,Half Moon Strike 35L Unisex Spacious School/Laptop/College/Office Travel Backpack,₹699,3.8,582
https://www.amazon.in/Half-Moon-Resistant-Backpack-Compartment/dp/B0BHX7GY16/ref=sr_1_26?crid=2M096C61O4MLT&keywords=bags&qid=1690306529&sprefix=ba%2Caps%2C283&sr=8-26,Half Moon Large 37L Laptop,₹849,3.9,3247
https://www.amazon.in/SAFARI-Ltrs-Casual-Backpack-DAYPACKNEO15CBSEB/dp/B07Q7CNPMV/ref=sr_1_27?crid=2M096C61O4MLT&keywords=bags&qid=1690306529&sprefix=ba%2Caps%2C283&sr=8-27,Safari Compact Size 15 Ltrs Casual Backpack For Unisex Adult - Sea Blue,₹499,4.0,20051
https://www.amazon.in/Nivia-6853-Polyester-Basic-Duffle/dp/B07FWQ9HRV/ref=sr_1_28?crid=2M096C61O4MLT&keywords=bags&qid=1690306529&sprefix=ba%2Caps%2C283&sr=8-28,NIVIA Basic Duffle Polyester,₹269,4.0,3701
https://www.amazon.in/ADISA-Casual-Backpack-College-BP046-NAV_Navy/dp/B0BX3QFVSM/ref=sr_1_29?crid=2M096C61O4MLT&keywords=bags&qid=1690306529&sprefix=ba%2Caps%2C283&sr=8-29,ADISA 31 Ltrs Casual Backpack School College,₹399,3.8,138
https://www.amazon.in/TRUE-Emperor-Anti-Theft-backpack-charging/dp/B0BYB631NR/ref=sr_1_30?crid=2M096C61O4MLT&keywords=bags&qid=1690306529&sprefix=ba%2Caps%2C283&sr=8-30,"TRUE HUMAN® Emperor Anti-Theft Pocket backpack With USB charging Port Laptop,office,college,travel",₹680,3.6,184
https://www.amazon.in/Arctic-Fox-Backpack-Charging-Laptop/dp/B089QBD333/ref=sr_1_31?crid=2M096C61O4MLT&keywords=bags&qid=1690306529&sprefix=ba%2Caps%2C283&sr=8-31,Arctic Fox Slope Anti Theft 23 L Backpack with USB Charging Port 15 Inch Laptop Backpack (Marble Black),₹1439,4.5,4040
https://www.amazon.in/Martucci-Casual-Travelling-Laptop-Backpack/dp/B088B4P6ZW/ref=sr_1_32?crid=2M096C61O4MLT&keywords=bags&qid=1690306529&sprefix=ba%2Caps%2C283&sr=8-32,Martucci 15.6 inch 30 L Casual Waterproof Laptop Backpack/Office,₹549,3.9,7669
https://www.amazon.in/PAZZO-Alto-40L-Casual-Backpack/dp/B07VT3F795/ref=sr_1_33?crid=2M096C61O4MLT&keywords=bags&qid=1690306534&sprefix=ba%2Caps%2C283&sr=8-33,"PAZZO Alto 40L Casual Backpack - 3 Compartment Travel Backpack, College|School",₹849,4.0,1770
https://www.amazon.in/WILDHORN-Backpack-Compartment-Business-Stitching/dp/B09QL81ZHB/ref=sr_1_34?crid=2M096C61O4MLT&keywords=bags&qid=1690306534&sprefix=ba%2Caps%2C283&sr=8-34,"WILDHORN 31L Laptop Backpack for Men/Women I Fits upto 15.6"" Laptop I Waterproof I Travel/Business/College Bookbags",₹599,4.0,1456
https://www.amazon.in/ADISA-Laptop-Backpack-Office-College/dp/B0BPTV3795/ref=sr_1_35?crid=2M096C61O4MLT&keywords=bags&qid=1690306534&sprefix=ba%2Caps%2C283&sr=8-35,ADISA 32L Large Laptop Backpack Office,₹599,3.8,263
https://www.amazon.in/Tabelito-Laptop-Backpack-15-6-inch-Repellent/dp/B08Y5S6C2P/ref=sr_1_36?crid=2M096C61O4MLT&keywords=bags&qid=1690306534&sprefix=ba%2Caps%2C283&sr=8-36,"TABELITO Casual Laptop Backpack 15.6-inch, 25 LTR Water Repellent",₹549,4.0,682
https://www.amazon.in/FATMUG-Foldable-Luggage-Packing-Storage/dp/B07YFNXC3H/ref=sr_1_37?crid=2M096C61O4MLT&keywords=bags&qid=1690306534&sprefix=ba%2Caps%2C283&sr=8-37,FATMUG Polyester Foldable Duffle Travel,₹1099,4.2,1414
https://www.amazon.in/Step-Backpack-Small-Water-Repellant/dp/B088XG77KN/ref=sr_1_38?crid=2M096C61O4MLT&keywords=bags&qid=1690306534&sprefix=ba%2Caps%2C283&sr=8-38,"Mi Step Out 12 L Mini Backpack (Small Size, Red, Water Repellant)",₹319,4.1,9491
https://www.amazon.in/ZIPLINE-Polyester-Backpack-Children-Daypack/dp/B07XVMVV77/ref=sr_1_39?crid=2M096C61O4MLT&keywords=bags&qid=1690306534&sprefix=ba%2Caps%2C283&sr=8-39,Zipline Unisex casual polyester 36 L Backpack School,₹843,4.0,6113
https://www.amazon.in/Genie-compartments-Lightweight-Travelling-Purpose-36/dp/B097JHSJTL/ref=sr_1_40?crid=2M096C61O4MLT&keywords=bags&qid=1690306534&sprefix=ba%2Caps%2C283&sr=8-40,"Genie Lily Laptop Backpack for Women, 3 compartments, Stylish and Trendy College",₹899,5.0,1
https://www.amazon.in/Safari-Spartan-Water-Resistant-Backpack/dp/B09B277CR5/ref=sr_1_41?crid=2M096C61O4MLT&keywords=bags&qid=1690306534&sprefix=ba%2Caps%2C283&sr=8-41,"Safari Spartan 21 Ltrs Water Resistant Backpack - Teal, S (SPARTAN19CBTEA)",₹599,3.8,902
https://www.amazon.in/F-Gear-Burner-Art-Lthr-Laptop-Backpack/dp/B085QWJVCZ/ref=sr_1_42?crid=2M096C61O4MLT&keywords=bags&qid=1690306534&sprefix=ba%2Caps%2C283&sr=8-42,F Gear 22 Ltrs Burner Art Lthr Brown Laptop Backpack (3343),₹870,4.4,370
https://www.amazon.in/FATMUG-Laptop-Bag-Men-Convertible/dp/B084LFS4G1/ref=sr_1_43?crid=2M096C61O4MLT&keywords=bags&qid=1690306534&sprefix=ba%2Caps%2C283&sr=8-43,FATMUG Laptop,₹1599,4.4,2183
https://www.amazon.in/Lunars-Comet-Resistant-Casual-Backpack/dp/B07WNFN1XS/ref=sr_1_44?crid=2M096C61O4MLT&keywords=bags&qid=1690306534&sprefix=ba%2Caps%2C283&sr=8-44,Lunar's Comet 35L Water Resistant Travel Bagpack/College Backpack/School,₹799,4.0,13550
https://www.amazon.in/Half-Moon-Backpack-Spacious-Multiple/dp/B0C6N3MYL2/ref=sr_1_45?crid=2M096C61O4MLT&keywords=bags&qid=1690306534&sprefix=ba%2Caps%2C283&sr=8-45,Half Moon Aztec 37L School,₹649,3.6,162
https://www.amazon.in/F-Gear-Blow-Laptop-Backpack/dp/B078J63VRY/ref=sr_1_46?crid=2M096C61O4MLT&keywords=bags&qid=1690306534&sprefix=ba%2Caps%2C283&sr=8-46,"F Gear Blow Laptop Backpack With Rain Cover 32 Liters (Black,Grey) Sch",₹1099,4.3,1289
https://www.amazon.in/ADISA-BP010-Weight-Casual-Backpack/dp/B07MXL986B/ref=sr_1_47?crid=2M096C61O4MLT&keywords=bags&qid=1690306534&sprefix=ba%2Caps%2C283&sr=8-47,ADISA 32 Ltrs Water Resistant Casual Travel Bagpack/College Backpack/School Office,₹499,4.0,4029
https://www.amazon.in/Amazon-Basics-Anti-theft-College-Backpack/dp/B0C8NWKRRH/ref=sr_1_48?crid=2M096C61O4MLT&keywords=bags&qid=1690306534&sprefix=ba%2Caps%2C283&sr=8-48,Amazon Basics Slope Basics Black Anti-theft 15.6 inches Laptop,₹869,4.5,212
https://www.amazon.in/STRABO-Cooper-Laptop-Bag-Capacity/dp/B0BX9SVT1D/ref=sr_1_49?crid=2M096C61O4MLT&keywords=bags&qid=1690306539&sprefix=ba%2Caps%2C283&sr=8-49,"STRABO Cooper for Boys Girls Stylish Men and Women Casual 15"" inch 25L CANVAS Laptop BACKPACK | Office, College, Travel",₹699,4.4,50
https://www.amazon.in/Genie-Moonlight-compartments-Lightweight-Travelling/dp/B097PGGTNJ/ref=sr_1_50?crid=2M096C61O4MLT&keywords=bags&qid=1690306539&sprefix=ba%2Caps%2C283&sr=8-50,"Genie Moonlight Laptop Backpack for Women, 3 compartments, Water Resistant and Lightweight",₹899,N/A,M.R.P: 
https://www.amazon.in/Backpack-Business-Scratch-resistant-Multiple-Comfortable/dp/B0B6FNPN76/ref=sr_1_51?crid=2M096C61O4MLT&keywords=bags&qid=1690306539&sprefix=ba%2Caps%2C283&sr=8-51,Arctic Hunter Backpack for Men Premium Business Backpack Office Travel Laptop,₹5999,4.4,151
https://www.amazon.in/POLESTAR-Ranker-Casual-Bagpack-Backpack/dp/B08421BRQ2/ref=sr_1_52?crid=2M096C61O4MLT&keywords=bags&qid=1690306539&sprefix=ba%2Caps%2C283&sr=8-52,POLESTAR Ranker 15.6 inch 32 LTR Casual Laptop Backpack/Office,₹669,4.1,7565
https://www.amazon.in/DailyObjects-Lush-Midnight-Trapeze-Crossbody/dp/B082HZVTRG/ref=sr_1_53?crid=2M096C61O4MLT&keywords=bags&qid=1690306539&sprefix=ba%2Caps%2C283&sr=8-53,DailyObjects Trapeze Sling Crossbody,₹1099,4.0,1257
https://www.amazon.in/Safari-Sheild-Resistant-Casual-Backpack/dp/B09B26T7KQ/ref=sr_1_54?crid=2M096C61O4MLT&keywords=bags&qid=1690306539&sprefix=ba%2Caps%2C283&sr=8-54,Safari Sheild 26 Ltrs Water Resistant Casual Backpack - (SHEILD19CBBLK),₹699,3.9,1109
https://www.amazon.in/School-school-partition-Collage-Backpack/dp/B09NNYCQ1Q/ref=sr_1_55?crid=2M096C61O4MLT&keywords=bags&qid=1690306539&sprefix=ba%2Caps%2C283&sr=8-55,URBAN CARRIER School,₹431,3.5,969
https://www.amazon.in/NORTH-ZONE-Waterproof-Backpack-Dimensions/dp/B0BS6QM2GD/ref=sr_1_56?crid=2M096C61O4MLT&keywords=bags&qid=1690306539&sprefix=ba%2Caps%2C283&sr=8-56,NORTH ZONE Casual Waterproof Laptop Backpack/Office,₹630,4.0,486
https://www.amazon.in/ROZEN-partition-Collage-Backpack-SKYBLUE/dp/B0BRTFGG22/ref=sr_1_57?crid=2M096C61O4MLT&keywords=bags&qid=1690306539&sprefix=ba%2Caps%2C283&sr=8-57,"ROZEN 47 Ltrs, 46 cms School",₹697,4.1,160
https://www.amazon.in/Zebronics-Compartment-Backpacks-15-6-inch-Black/dp/B0C6KZS555/ref=sr_1_58?crid=2M096C61O4MLT&keywords=bags&qid=1690306539&sprefix=ba%2Caps%2C283&sr=8-58,"Zebronics Camp1, 14 Liters, 1 Compartment Laptop Backpacks Fit Up to 15.6-inch Laptop, Polyester Fabric, Office Use and Mini Business Travel",₹498,N/A,M.R.P: 
https://www.amazon.in/AmazonBasics-Casual-Backpack-Office-15-6-inch/dp/B09W4VMZ79/ref=sr_1_59?crid=2M096C61O4MLT&keywords=bags&qid=1690306539&sprefix=ba%2Caps%2C283&sr=8-59,AmazonBasics - Casual Backpack/Office,₹699,4.2,653
https://www.amazon.in/Gear-DOUBLE-Resistant-Backpack-Navy-Tan/dp/B0BTJ2T26W/ref=sr_1_60?crid=2M096C61O4MLT&keywords=bags&qid=1690306539&sprefix=ba%2Caps%2C283&sr=8-60,Gear DOUBLE DECKER 31L Water Resistant Laptop,₹1295,3.5,17
https://www.amazon.in/Half-Moon-Spacious-Backpack-Compartment/dp/B0C23BYDML/ref=sr_1_61?crid=2M096C61O4MLT&keywords=bags&qid=1690306539&sprefix=ba%2Caps%2C283&sr=8-61,Half Moon Strike 35L Unisex Spacious School/Laptop/College/Office Travel Backpack,₹699,3.4,19
https://www.amazon.in/Fur-Jaden-Leather-Resistant-Backpack/dp/B079KBP4VM/ref=sr_1_62?crid=2M096C61O4MLT&keywords=bags&qid=1690306539&sprefix=ba%2Caps%2C283&sr=8-62,Fur Jaden Brown Backpack,₹1300,4.0,1377
https://www.amazon.in/Half-Moon-Waterproof-Laptop-Backpack/dp/B09QM9N1B3/ref=sr_1_63?crid=2M096C61O4MLT&keywords=bags&qid=1690306539&sprefix=ba%2Caps%2C283&sr=8-63,Half Moon 30L Waterproof 15.6 inch Laptop Office School College,₹589,3.6,377
https://www.amazon.in/GoTrippin-Camping-Outdoors-Polyester-Adjustable/dp/B088LHS5LP/ref=sr_1_64?crid=2M096C61O4MLT&keywords=bags&qid=1690306539&sprefix=ba%2Caps%2C283&sr=8-64,GoTrippin Waist,₹999,4.5,2163
https://www.amazon.in/LOOKMUSTER-Waterproof-Backpack-College-Business/dp/B0BZW8KW18/ref=sr_1_65?crid=2M096C61O4MLT&keywords=bags&qid=1690306544&sprefix=ba%2Caps%2C283&sr=8-65,LOOKMUSTER (15.6 inch 30 L Casual Waterproof Laptop Backpack/Office,₹439,3.9,34
https://www.amazon.in/AmazonBasics-Mini-Backpack-Outdoor-Black/dp/B0BRKFXT9Z/ref=sr_1_66?crid=2M096C61O4MLT&keywords=bags&qid=1690306544&sprefix=ba%2Caps%2C283&sr=8-66,AmazonBasics - Mini Backpack for Outdoor Use (12 l) (Black),₹278,3.7,548
https://www.amazon.in/Lunars-V-Line-Resistant-Bagpack-College/dp/B08BP5CYDV/ref=sr_1_67?crid=2M096C61O4MLT&keywords=bags&qid=1690306544&sprefix=ba%2Caps%2C283&sr=8-67,"Lunar's V-Line Backpack for Men, Blue | 35L Water Resistant School",₹799,4.1,2634
https://www.amazon.in/Skybags-Unisex-Grey-Jacqard-Laptop/dp/B09ZV9SLBJ/ref=sr_1_68?crid=2M096C61O4MLT&keywords=bags&qid=1690306544&sprefix=ba%2Caps%2C283&sr=8-68,Skybags Unisex Grey Jacqard 34L Laptop,₹1279,4.0,64
https://www.amazon.in/Cosmus-Casual-Backpack-Charger-College/dp/B08D7D21FV/ref=sr_1_69?crid=2M096C61O4MLT&keywords=bags&qid=1690306544&sprefix=ba%2Caps%2C283&sr=8-69,Cosmus Vogue Casual Laptop Backpack with USB Charger Port 44cm 26 Litre Grey College,₹1409,4.2,1413
https://www.amazon.in/NORTH-ZONE-Lightweight-Backpacks-Stylish/dp/B0BL3SPN16/ref=sr_1_70?crid=2M096C61O4MLT&keywords=bags&qid=1690306544&sprefix=ba%2Caps%2C283&sr=8-70,NORTH ZONE Lightweight school,₹630,3.9,841
https://www.amazon.in/Asus-BP1504-15-6-inch-Laptop-Backpack/dp/B0895ZZHKK/ref=sr_1_71?crid=2M096C61O4MLT&keywords=bags&qid=1690306544&sprefix=ba%2Caps%2C283&sr=8-71,Asus BP1504 39.62 cm (15.6-inch) Laptop Backpack (Dark Grey),₹819,4.2,1697
https://www.amazon.in/Harissons-Vervo-Laptop-Backpack-Built/dp/B07M5P5LW3/ref=sr_1_72?crid=2M096C61O4MLT&keywords=bags&qid=1690306544&sprefix=ba%2Caps%2C283&sr=8-72,HARISSONS,₹2960,4.3,2000
https://www.amazon.in/Lenovo-Carrying-15-6-Inch-Toploader-GX40Q17230/dp/B075Y8294N/ref=sr_1_73?crid=2M096C61O4MLT&keywords=bags&qid=1690306544&sprefix=ba%2Caps%2C283&sr=8-73,Lenovo 15.6-inch Casual Laptop Briefcase T210,₹979,4.3,4337
https://www.amazon.in/Amazon-Brand-Autumn-Winter20-womens-Handbag/dp/B08H89HSRV/ref=sr_1_74?crid=2M096C61O4MLT&keywords=bags&qid=1690306544&sprefix=ba%2Caps%2C283&sr=8-74,Amazon Brand - Eden & Ivy Women's Handbag,₹699,4.2,2454
https://www.amazon.in/Lavie-Sport-Duffle-Luggage-Wheeler/dp/B0992JCN1W/ref=sr_1_75?crid=2M096C61O4MLT&keywords=bags&qid=1690306544&sprefix=ba%2Caps%2C283&sr=8-75,Lavie Sport Lino M Duffle Wheeler,₹749,3.8,3276
https://www.amazon.in/Tabelito%C2%AE-Delta-Waterproof-Backpack-Compatible/dp/B0BLK1Z7DQ/ref=sr_1_76?crid=2M096C61O4MLT&keywords=bags&qid=1690306544&sprefix=ba%2Caps%2C283&sr=8-76,Tabelito® DELTA Casual Waterproof Laptop Backpack/Office,₹599,4.6,191
https://www.amazon.in/Mokobara-Transit-Backpack-Laptop-Sunray/dp/B09V7R98XC/ref=sr_1_77?crid=2M096C61O4MLT&keywords=bags&qid=1690306544&sprefix=ba%2Caps%2C283&sr=8-77,"MOKOBARA The Transit Backpack - 30L Premium Nylon 15.6"" Unisex Laptop",₹4999,4.5,591
https://www.amazon.in/Lenovo-Carrying-15-6-Inch-Toploader-GX40Q17229/dp/B075Y6Y9H5/ref=sr_1_78?crid=2M096C61O4MLT&keywords=bags&qid=1690306544&sprefix=ba%2Caps%2C283&sr=8-78,Lenovo 15.6-inch Casual Laptop Briefcase T210,₹979,4.2,20426
https://www.amazon.in/Nivia-5183NB-Gym-Navy-Blue/dp/B07NJGW3WX/ref=sr_1_79?crid=2M096C61O4MLT&keywords=bags&qid=1690306544&sprefix=ba%2Caps%2C283&sr=8-79,NIVIA Beast Gym,₹523,3.9,112
https://www.amazon.in/Wildcraft-Turnaround-Polyester-Laptop-8903338054702/dp/B012D51GXO/ref=sr_1_80?crid=2M096C61O4MLT&keywords=bags&qid=1690306544&sprefix=ba%2Caps%2C283&sr=8-80,Wildcraft Turnaround Polyester 35 Ltrs Blue Laptop,₹1840.09,4.3,1207
https://www.amazon.in/Genie-compartments-Resistant-Lightweight-Travelling/dp/B097JJDZ47/ref=sr_1_81?crid=2M096C61O4MLT&keywords=bags&qid=1690306549&sprefix=ba%2Caps%2C283&sr=8-81,"Genie Bliss Laptop Backpack for Women, 3 compartments, Stylish and Trendy College",₹899,N/A,M.R.P: 
https://www.amazon.in/Gear-Executive-Anti-Theft-Backpack-BKPPKREXE0101/dp/B097KCMQKG/ref=sr_1_82?crid=2M096C61O4MLT&keywords=bags&qid=1690306549&sprefix=ba%2Caps%2C283&sr=8-82,Gear Parker 23L Water Resistant Anti Theft Laptop,₹644,4.3,429
https://www.amazon.in/Genie-compartments-Resistant-Lightweight-Travelling/dp/B0C85YB2S3/ref=sr_1_83?crid=2M096C61O4MLT&keywords=bags&qid=1690306549&sprefix=ba%2Caps%2C283&sr=8-83,"Genie Royale Laptop Backpack for Women, 3 compartments, Water Resistant and Lightweight",₹899,N/A,M.R.P: 
https://www.amazon.in/SKYBAGS-Unisex-Luggage-Duffel-Bag-DFHUS55ONG/dp/B07F342RQD/ref=sr_1_84?crid=2M096C61O4MLT&keywords=bags&qid=1690306549&sprefix=ba%2Caps%2C283&sr=8-84,"Skybags Unisex Polyester Solid Pattern Hustle Df 55 (Orange, Small)",₹1585,4.3,316
https://www.amazon.in/Wesley-Milestone-Waterproof-Backpack-Business/dp/B07NJRPJ6Q/ref=sr_1_85?crid=2M096C61O4MLT&keywords=bags&qid=1690306549&sprefix=ba%2Caps%2C283&sr=8-85,Wesley Milestone 15.6 inch 25 L Casual Waterproof Laptop Backpack/Office,₹448,4.3,13099
https://www.amazon.in/Half-Moon-Resistant-Backpack-Compartment/dp/B09GG53CSL/ref=sr_1_86?crid=2M096C61O4MLT&keywords=bags&qid=1690306549&sprefix=ba%2Caps%2C283&sr=8-86,Half Moon 34 L Water Resistant 15.6 inch Laptop,₹699,3.9,1342
https://www.amazon.in/Safari-Overnighter-Resistant-Travelling-All-Purpose/dp/B097JM98M1/ref=sr_1_87?crid=2M096C61O4MLT&keywords=bags&qid=1690306549&sprefix=ba%2Caps%2C283&sr=8-87,"Safari Seek 32 Ltrs Overnighter Travel Laptop Backpack (Blue), Water Resistant Spacious",₹2299,4.3,163
https://www.amazon.in/gp/bestsellers/luggage/2917442031/ref=sr_bs_7_2917442031_1,DEIN KLEIDER Men's Nylon Messenger,₹349,4.0,5151
https://www.amazon.in/COSMUS-Polyester-Multi-functional-Convertible-15-6-Inch/dp/B07D1R1K84/ref=sr_1_89?crid=2M096C61O4MLT&keywords=bags&qid=1690306549&sprefix=ba%2Caps%2C283&sr=8-89,COSMUS Agility Convertible Backpack Messenger,₹2255,4.2,966
https://www.amazon.in/F-Gear-Talent-Laptop-Backpack-Grey/dp/B078KS2FX1/ref=sr_1_90?crid=2M096C61O4MLT&keywords=bags&qid=1690306549&sprefix=ba%2Caps%2C283&sr=8-90,"F Gear Talent Laptop Backpack With Rain Cover 32 Liters (Grey,Black)",₹1370,4.4,1143
https://www.amazon.in/Police-Polyester-Laptop-Spec-Backpack/dp/B07ZB8NWTZ/ref=sr_1_91?crid=2M096C61O4MLT&keywords=bags&qid=1690306549&sprefix=ba%2Caps%2C283&sr=8-91,POLICE Polyester 35 Ltr Laptop Big Low Spec Laptop Backpack - Black/Navy,₹1569,3.3,214
https://www.amazon.in/Gear-Workspace-Briefcase-Black-Red-BKPWRPHYD0101/dp/B097KGL2M5/ref=sr_1_92?crid=2M096C61O4MLT&keywords=bags&qid=1690306549&sprefix=ba%2Caps%2C283&sr=8-92,Gear Workspace 18L Water Resistant Laptop,₹907,4.2,336
https://www.amazon.in/Fur-Jaden-Backpack-Trekking-BM38_Brown/dp/B07LBMV4NR/ref=sr_1_93?crid=2M096C61O4MLT&keywords=bags&qid=1690306549&sprefix=ba%2Caps%2C283&sr=8-93,Fur Jaden Brown Leatherette Anti Theft Casual Laptop Backpack with 15.6 Inch Laptop Pocket,₹1769,4.2,1652
https://www.amazon.in/Nivia-Deflate-5180BK-Polyester-Round/dp/B07222KX3S/ref=sr_1_94?crid=2M096C61O4MLT&keywords=bags&qid=1690306549&sprefix=ba%2Caps%2C283&sr=8-94,NIVIA Deflate Round 01 Polyester Gym,₹439,4.2,7467
https://www.amazon.in/gp/bestsellers/shoes/1983354031/ref=sr_bs_14_1983354031_1,Lavie Women's Ushawu Satchel,₹1249,4.1,6838
https://www.amazon.in/TYPIFY%C2%AE-Quality-Backpack-Designer-Spacious/dp/B082SZV6F1/ref=sr_1_96?crid=2M096C61O4MLT&keywords=bags&qid=1690306549&sprefix=ba%2Caps%2C283&sr=8-96,TYPIFY® Preppy Korean Ribbon Women Backpack College,₹899,4.1,788
https://www.amazon.in/House-Quirk-Maternity-Backpack-Elephant/dp/B07QV7SH4S/ref=sr_1_97?crid=2M096C61O4MLT&keywords=bags&qid=1690306554&sprefix=ba%2Caps%2C283&sr=8-97,House of Quirk Baby Diaper,₹1399,4.3,3916
https://www.amazon.in/Chic-Buddy-Waterproof-Swimsuits-Toiletries/dp/B09KSBHC18/ref=sr_1_98?crid=2M096C61O4MLT&keywords=bags&qid=1690306554&sprefix=ba%2Caps%2C283&sr=8-98,Chic Buddy Waterproof Wet,₹299,4.4,385
https://www.amazon.in/HAMMONDS-FLYCATCHER-Genuine-Shoulder-Messenger/dp/B07P2TQH78/ref=sr_1_99?crid=2M096C61O4MLT&keywords=bags&qid=1690306554&sprefix=ba%2Caps%2C283&sr=8-99,HAMMONDS FLYCATCHER Genuine Leather Laptop,₹2623,4.3,4912
https://www.amazon.in/Yours-Choice-Briefcase-Messenger-Detachable/dp/B0B6PF1L69/ref=sr_1_100?crid=2M096C61O4MLT&keywords=bags&qid=1690306554&sprefix=ba%2Caps%2C283&sr=8-100,Dell Laptop,₹2499,4.2,183
https://www.amazon.in/Tabelito-NEXA-Backpack-Business-Compartment/dp/B0C2D4KWQ6/ref=sr_1_101?crid=2M096C61O4MLT&keywords=bags&qid=1690306554&sprefix=ba%2Caps%2C283&sr=8-101,Tabelito® NEXA 3O L Water Resistant Laptop/College/Office/School/Travel/Business,₹399,4.3,79
https://www.amazon.in/Nivia-5227-Junior-Others-Orange/dp/B08D7QKCX5/ref=sr_1_102?crid=2M096C61O4MLT&keywords=bags&qid=1690306554&sprefix=ba%2Caps%2C283&sr=8-102,Nivia Pulse Junior,₹294,3.7,224
https://www.amazon.in/Storite-Army-Print-Sling-GreenGrey/dp/B09KNMWWPH/ref=sr_1_103?crid=2M096C61O4MLT&keywords=bags&qid=1690306554&sprefix=ba%2Caps%2C283&sr=8-103,Storite Small Size Army Print Padded Nylon Cross Body Sling,₹395,4.1,482
https://www.amazon.in/Wildcraft-Polyester-Black-Laptop-8903338054290/dp/B012D4QKHW/ref=sr_1_104_mod_primary_new?crid=2M096C61O4MLT&keywords=bags&qid=1690306554&sbo=RZvfv%2F%2FHxDF%2BO5021pAnSA%3D%3D&sprefix=ba%2Caps%2C283&sr=8-104,Wildcraft 44 cms Polyester Black Laptop,₹1448,4.3,677
https://www.amazon.in/Kuber-Industries-Carrying-Multi-Purpose-CTKTC034726/dp/B083J6774T/ref=sr_1_105?crid=2M096C61O4MLT&keywords=bags&qid=1690306554&sprefix=ba%2Caps%2C283&sr=8-105,Kuber Industries Rexine Jumbo Attachi Travel Blanket Cover|Travel Duffle|Storage Carrying,₹396,3.7,918
https://www.amazon.in/COSMUS-Polyester-Navy-Laptop-Backpack/dp/B01FVQLLU0/ref=sr_1_106?crid=2M096C61O4MLT&keywords=bags&qid=1690306554&sprefix=ba%2Caps%2C283&sr=8-106,COSMUS Darwin Navy Blue Laptop Backpack for (15.6 inch),₹1333,4.3,10027
https://www.amazon.in/FloMotif-Business-Shoulder-material-resistant/dp/B07NHYLTY7/ref=sr_1_107?crid=2M096C61O4MLT&keywords=bags&qid=1690306554&sprefix=ba%2Caps%2C283&sr=8-107,ZOUK Black Floral Printed Handmade Vegan Leather Women's Office,₹1689,4.3,962
https://www.amazon.in/Genie-compartments-Resistant-Lightweight-Travelling/dp/B097JJYXXT/ref=sr_1_108?crid=2M096C61O4MLT&keywords=bags&qid=1690306554&sprefix=ba%2Caps%2C283&sr=8-108,"Genie Drama Queen Laptop Backpack for Women, 3 compartments, Stylish and Trendy College",₹1299,4.3,6
https://www.amazon.in/Cosmus-Casual-Backpack-Charger-College/dp/B09HX54TGF/ref=sr_1_109?crid=2M096C61O4MLT&keywords=bags&qid=1690306554&sprefix=ba%2Caps%2C283&sr=8-109,COSMUS Vogue Casual Laptop Backpack with USB Charger Port 46cm 26 Litre Maroon College,₹1409,4.2,1413
https://www.amazon.in/SFANE-Polyester-Shoulder-Separate-Compartment/dp/B08KG7J7L5/ref=sr_1_110?crid=2M096C61O4MLT&keywords=bags&qid=1690306554&sprefix=ba%2Caps%2C283&sr=8-110,SFANE Polyester Red Duffel Gym,₹387,4.3,337
https://www.amazon.in/Genie-compartments-Resistant-Lightweight-Travelling/dp/B0C85YB2S3/ref=sr_1_111?crid=2M096C61O4MLT&keywords=bags&qid=1690306554&sprefix=ba%2Caps%2C283&sr=8-111,"Genie Royale Laptop Backpack for Women, 3 compartments, Water Resistant and Lightweight",₹899,N/A,M.R.P: 
https://www.amazon.in/Lunars-Heritage-Casual-Bagpack-College/dp/B08CBJDBH4/ref=sr_1_112?crid=2M096C61O4MLT&keywords=bags&qid=1690306554&sprefix=ba%2Caps%2C283&sr=8-112,Lunar's Heritage 37L Casual Water Resistant 3 Compartment Travel Bagpack/College Backpack/School,₹799,4.0,878
https://www.amazon.in/Wildcraft-Polyester-Black-Laptop-8903338054290/dp/B012D4QKHW/ref=sr_1_113_mod_primary_new?crid=2M096C61O4MLT&keywords=bags&qid=1690306559&sbo=RZvfv%2F%2FHxDF%2BO5021pAnSA%3D%3D&sprefix=ba%2Caps%2C283&sr=8-113,Wildcraft 44 cms Polyester Black Laptop,₹1448,4.3,677
https://www.amazon.in/Genie-compartments-Resistant-Lightweight-Travelling/dp/B097JJYXXT/ref=sr_1_114?crid=2M096C61O4MLT&keywords=bags&qid=1690306559&sprefix=ba%2Caps%2C283&sr=8-114,"Genie Drama Queen Laptop Backpack for Women, 3 compartments, Stylish and Trendy College",₹1299,4.3,6
https://www.amazon.in/Cosmus-Casual-Backpack-Charger-College/dp/B09HX54TGF/ref=sr_1_115?crid=2M096C61O4MLT&keywords=bags&qid=1690306559&sprefix=ba%2Caps%2C283&sr=8-115,COSMUS Vogue Casual Laptop Backpack with USB Charger Port 46cm 26 Litre Maroon College,₹1409,4.2,1413
https://www.amazon.in/FloMotif-Business-Shoulder-material-resistant/dp/B07NHYLTY7/ref=sr_1_116?crid=2M096C61O4MLT&keywords=bags&qid=1690306559&sprefix=ba%2Caps%2C283&sr=8-116,ZOUK Black Floral Printed Handmade Vegan Leather Women's Office,₹1689,4.3,962
https://www.amazon.in/Trajectory-Elegant-15-6-Laptop-Office/dp/B09RK6NCGC/ref=sr_1_117?crid=2M096C61O4MLT&keywords=bags&qid=1690306559&sprefix=ba%2Caps%2C283&sr=8-117,Trajectory 15.6 Inch Vegan Leather Messenger Laptop,₹1399,4.1,479
https://www.amazon.in/SFANE-Polyester-Shoulder-Separate-Compartment/dp/B08KG7J7L5/ref=sr_1_118?crid=2M096C61O4MLT&keywords=bags&qid=1690306559&sprefix=ba%2Caps%2C283&sr=8-118,SFANE Polyester Red Duffel Gym,₹387,4.3,337
https://www.amazon.in/Step-Backpack-Small-Water-Repellant/dp/B088X9M73T/ref=sr_1_119?crid=2M096C61O4MLT&keywords=bags&qid=1690306559&sprefix=ba%2Caps%2C283&sr=8-119,"Mi Step Out 12 L Mini Backpack (Small Size, Sky Blue, Water Repellant)",₹309,4.1,9491
https://www.amazon.in/Amazon-Basics-Messenger-13-3-Inch-14-Inch/dp/B09WMQ4Y7H/ref=sr_1_120?crid=2M096C61O4MLT&keywords=bags&qid=1690306559&sprefix=ba%2Caps%2C283&sr=8-120,Amazon Basics- Laptop Messenger,₹499,3.7,61
https://www.amazon.in/Lunars-Heritage-Casual-Bagpack-College/dp/B08CBJDBH4/ref=sr_1_121?crid=2M096C61O4MLT&keywords=bags&qid=1690306559&sprefix=ba%2Caps%2C283&sr=8-121,Lunar's Heritage 37L Casual Water Resistant 3 Compartment Travel Bagpack/College Backpack/School,₹799,4.0,878
https://www.amazon.in/gp/bestsellers/electronics/1389022031/ref=sr_bs_9_1389022031_1,Dyazo Water Resistant Camera,₹799,4.3,422
https://www.amazon.in/ADISA-BP005-Weight-Casual-Backpack/dp/B07F3X45WZ/ref=sr_1_123?crid=2M096C61O4MLT&keywords=bags&qid=1690306559&sprefix=ba%2Caps%2C283&sr=8-123,ADISA Light Weight Laptop Backpack 32 Ltrs,₹499,4.0,6024
https://www.amazon.in/ZIPLINE-Polyester-Backpack-College-Outdoor/dp/B09XN3YD4Q/ref=sr_1_124?crid=2M096C61O4MLT&keywords=bags&qid=1690306559&sprefix=ba%2Caps%2C283&sr=8-124,Zipline Unisex Casual Polyester 36 L Blue Backpack School,₹843,3.6,112
https://www.amazon.in/F-Gear-Enzo-Waist-Bag-Enzo-Spruce-Yellow/dp/B08QM71P12/ref=sr_1_125?crid=2M096C61O4MLT&keywords=bags&qid=1690306559&sprefix=ba%2Caps%2C283&sr=8-125,F Gear Enzo Sports Waist,₹265,4.2,204
https://www.amazon.in/Aristocrat-Unisex-Oxford-Fabric-28-82L/dp/B09ZV86P4S/ref=sr_1_126?crid=2M096C61O4MLT&keywords=bags&qid=1690306559&sprefix=ba%2Caps%2C283&sr=8-126,Aristocrat Unisex Black Oxford Fabric 28.82L Laptop,₹754,3.5,63
https://www.amazon.in/Half-Moon-Laptop-Backpack-Polyester/dp/B09CMS3K2S/ref=sr_1_127?crid=2M096C61O4MLT&keywords=bags&qid=1690306559&sprefix=ba%2Caps%2C283&sr=8-127,Half Moon 30L Water Resistant 15.6 inch Laptop,₹599,3.6,75
https://www.amazon.in/Wooum-Resistant-Material-Messenger-Compartment/dp/B09KV7Y3KL/ref=sr_1_128?crid=2M096C61O4MLT&keywords=bags&qid=1690306559&sprefix=ba%2Caps%2C283&sr=8-128,Wooum Water Resistant Material Sling,₹474,4.0,285
https://www.amazon.in/Amazon-Basics-Messenger-13-3-Inch-14-Inch/dp/B09WMQ4Y7H/ref=sr_1_129?crid=2M096C61O4MLT&keywords=bags&qid=1690306563&sprefix=ba%2Caps%2C283&sr=8-129,Amazon Basics- Laptop Messenger,₹499,3.7,61
https://www.amazon.in/Aristocrat-Zeal-Unisex-Grey-Laptop/dp/B0B5YHC1W5/ref=sr_1_130?crid=2M096C61O4MLT&keywords=bags&qid=1690306563&sprefix=ba%2Caps%2C283&sr=8-130,Aristrocrat Unisex Laptop,₹799,4.3,29
https://www.amazon.in/ZIPLINE-Polyester-Backpack-College-Outdoor/dp/B09XN3YD4Q/ref=sr_1_131?crid=2M096C61O4MLT&keywords=bags&qid=1690306563&sprefix=ba%2Caps%2C283&sr=8-131,Zipline Unisex Casual Polyester 36 L Blue Backpack School,₹843,3.6,112
https://www.amazon.in/gp/bestsellers/electronics/1389022031/ref=sr_bs_3_1389022031_1,Dyazo Water Resistant Camera,₹799,4.3,422
https://www.amazon.in/F-Gear-Enzo-Waist-Bag-Enzo-Spruce-Yellow/dp/B08QM71P12/ref=sr_1_133?crid=2M096C61O4MLT&keywords=bags&qid=1690306563&sprefix=ba%2Caps%2C283&sr=8-133,F Gear Enzo Sports Waist,₹265,4.2,204
https://www.amazon.in/Half-Moon-Laptop-Backpack-Polyester/dp/B09CMS3K2S/ref=sr_1_134?crid=2M096C61O4MLT&keywords=bags&qid=1690306563&sprefix=ba%2Caps%2C283&sr=8-134,Half Moon 30L Water Resistant 15.6 inch Laptop,₹599,3.6,75
https://www.amazon.in/Aristocrat-Unisex-Oxford-Fabric-28-82L/dp/B09ZV86P4S/ref=sr_1_135?crid=2M096C61O4MLT&keywords=bags&qid=1690306563&sprefix=ba%2Caps%2C283&sr=8-135,Aristocrat Unisex Black Oxford Fabric 28.82L Laptop,₹754,3.5,63
https://www.amazon.in/Wooum-Resistant-Material-Messenger-Compartment/dp/B09KV7Y3KL/ref=sr_1_136?crid=2M096C61O4MLT&keywords=bags&qid=1690306563&sprefix=ba%2Caps%2C283&sr=8-136,Wooum Water Resistant Material Sling,₹474,4.0,285
https://www.amazon.in/American-Tourister-FJ9-01-002/dp/B07N19CXKM/ref=sr_1_137?crid=2M096C61O4MLT&keywords=bags&qid=1690306563&sprefix=ba%2Caps%2C283&sr=8-137,American Tourister Ohio Polyester 65 Cms Wheel Travel Duffle,₹1999,4.2,1269
https://www.amazon.in/Lenovo-Carrying-15-6-Inch-Toploader-GX40Q17229/dp/B075Y6Y9H5/ref=sr_1_138?crid=2M096C61O4MLT&keywords=bags&qid=1690306563&sprefix=ba%2Caps%2C283&sr=8-138,Lenovo 15.6-inch Casual Laptop Briefcase T210,₹979,4.2,20426
https://www.amazon.in/Mokobara-Backpack-Leather-Resistant-Laptop/dp/B0B7X8BYQJ/ref=sr_1_139?crid=2M096C61O4MLT&keywords=bags&qid=1690306563&sprefix=ba%2Caps%2C283&sr=8-139,"MOKOBARA The Work Backpack 15.6"" Inch Laptop | Travel Backpack For Men And Women",₹7499,4.7,84
https://www.amazon.in/ADISA-SL5038-women-girls-sling/dp/B08Q4FHQLN/ref=sr_1_140?crid=2M096C61O4MLT&keywords=bags&qid=1690306563&sprefix=ba%2Caps%2C283&sr=8-140,ADISA SL5038 women girls sling,₹564,4.1,1196
https://www.amazon.in/F-Gear-Circadian-Guc-Black-Casual-Backpack/dp/B084THQXCD/ref=sr_1_141?crid=2M096C61O4MLT&keywords=bags&qid=1690306563&sprefix=ba%2Caps%2C283&sr=8-141,F Gear Circadian Guc Black 27 Ltrs Casual Backpack (3330),₹799,4.2,726
https://www.amazon.in/uppercase-Professional-Backpack-resistant-sustainable/dp/B0BWNBQXDZ/ref=sr_1_142?crid=2M096C61O4MLT&keywords=bags&qid=1690306563&sprefix=ba%2Caps%2C283&sr=8-142,uppercase Apex Professional Laptop Backpack (15.6 Inch) 3x more water resistant sustainable,₹1800,4.3,68
https://www.amazon.in/Amazon-Basics-Laptop-Backpack-Repellent/dp/B09W49FSX1/ref=sr_1_143?crid=2M096C61O4MLT&keywords=bags&qid=1690306563&sprefix=ba%2Caps%2C283&sr=8-143,"AmazonBasics Laptop Backpack - 24L, Water Repellent and Wear Resistant, Dark Grey",₹799,4.2,653
https://www.amazon.in/Impulse-rucksack-75-backpack-trekking/dp/B09T9XDQ99/ref=sr_1_144?crid=2M096C61O4MLT&keywords=bags&qid=1690306563&sprefix=ba%2Caps%2C283&sr=8-144,Impulse rucksack,₹1166,4.0,524
https://www.amazon.in/sspa/click?ie=UTF8&spc=MToxNzgwMTIwNjExODAxOTUyOjE2OTAzMDY1Njg6c3BfYXRmX25leHQ6MzAwMDA2Nzg5Njc3NDMyOjowOjo&url=%2FWALKENT-Waterproof-Polyester-Material-Hazel%2Fdp%2FB0C7KP5BT4%2Fref%3Dsr_1_145_sspa%3Fcrid%3D2M096C61O4MLT%26keywords%3Dbags%26qid%3D1690306568%26sprefix%3Dba%252Caps%252C283%26sr%3D8-145-spons%26sp_csd%3Dd2lkZ2V0TmFtZT1zcF9hdGZfbmV4dA%26psc%3D1,"WALKENT 15.6"" Laptop",₹1990,N/A,M.R.P: 
https://www.amazon.in/sspa/click?ie=UTF8&spc=MToxNzgwMTIwNjExODAxOTUyOjE2OTAzMDY1Njg6c3BfYXRmX25leHQ6MjAxNTk1MzI1NDI2OTg6OjA6Og&url=%2FEUME-Tourismo-Backpack-Resistance-15-6-inch%2Fdp%2FB0B4JNV37M%2Fref%3Dsr_1_146_sspa%3Fcrid%3D2M096C61O4MLT%26keywords%3Dbags%26qid%3D1690306568%26sprefix%3Dba%252Caps%252C283%26sr%3D8-146-spons%26sp_csd%3Dd2lkZ2V0TmFtZT1zcF9hdGZfbmV4dA%26psc%3D1,EUME Tourismo 36L Laptop Backpack,₹2499,4.4,7
https://www.amazon.in/Amazon-Basics-Laptop-Backpack-Repellent/dp/B09W49FSX1/ref=sr_1_147?crid=2M096C61O4MLT&keywords=bags&qid=1690306568&sprefix=ba%2Caps%2C283&sr=8-147,"AmazonBasics Laptop Backpack - 24L, Water Repellent and Wear Resistant, Dark Grey",₹799,4.2,653
https://www.amazon.in/LuvLap-Travel-Multifunctional-Waterproof-Bag-Backpack/dp/B07W6Z8XKB/ref=sr_1_148?crid=2M096C61O4MLT&keywords=bags&qid=1690306568&sprefix=ba%2Caps%2C283&sr=8-148,LuvLap Lily Travel Multifunctional Waterproof Diaper,₹1149,4.4,942
https://www.amazon.in/American-Tourister-FJ9-01-002/dp/B07N19CXKM/ref=sr_1_149?crid=2M096C61O4MLT&keywords=bags&qid=1690306568&sprefix=ba%2Caps%2C283&sr=8-149,American Tourister Ohio Polyester 65 Cms Wheel Travel Duffle,₹1999,4.2,1269
https://www.amazon.in/Bennett-15-6-inch-College-Repellent-Backpack/dp/B09WZHX3B1/ref=sr_1_150?crid=2M096C61O4MLT&keywords=bags&qid=1690306568&sprefix=ba%2Caps%2C283&sr=8-150,Bennett Casual Laptop,₹512,3.9,332
https://www.amazon.in/F-Gear-Tycoon-Laptop-Backpack/dp/B071XJ6XV5/ref=sr_1_151?crid=2M096C61O4MLT&keywords=bags&qid=1690306568&sprefix=ba%2Caps%2C283&sr=8-151,F Gear Tycoon 27 Liters Laptop Backpack Sch,₹1149,4.4,252
https://www.amazon.in/Mokobara-Backpack-Leather-Resistant-Laptop/dp/B0B7X8BYQJ/ref=sr_1_152?crid=2M096C61O4MLT&keywords=bags&qid=1690306568&sprefix=ba%2Caps%2C283&sr=8-152,"MOKOBARA The Work Backpack 15.6"" Inch Laptop | Travel Backpack For Men And Women",₹7499,4.7,84
https://www.amazon.in/Tabelito-NEO-Backpack-Business-Compartment/dp/B0C2D24G29/ref=sr_1_153?crid=2M096C61O4MLT&keywords=bags&qid=1690306568&sprefix=ba%2Caps%2C283&sr=8-153,Tabelito® NEO 3O L Water Resistant Laptop/College/Office/School/Travel/Business,₹399,3.9,111
https://www.amazon.in/ROZEN-partition-Collage-Backpack-SKYBLUE/dp/B0BRTFGG22/ref=sr_1_154?crid=2M096C61O4MLT&keywords=bags&qid=1690306568&sprefix=ba%2Caps%2C283&sr=8-154,"ROZEN 47 Ltrs, 46 cms School",₹697,4.1,160
https://www.amazon.in/sspa/click?ie=UTF8&spc=MToxNzgwMTIwNjExODAxOTUyOjE2OTAzMDY1Njg6c3BfbXRmOjMwMDAwNjc0OTI3NDgzMjo6MDo6&url=%2FWALKENT-Stylish-Utility-Pockets-Swank%2Fdp%2FB0C7KPTKKS%2Fref%3Dsr_1_155_sspa%3Fcrid%3D2M096C61O4MLT%26keywords%3Dbags%26qid%3D1690306568%26sprefix%3Dba%252Caps%252C283%26sr%3D8-155-spons%26sp_csd%3Dd2lkZ2V0TmFtZT1zcF9tdGY%26psc%3D1,"WALKENT Stylish 15.6"" Laptop",₹2490,5.0,1
https://www.amazon.in/sspa/click?ie=UTF8&spc=MToxNzgwMTIwNjExODAxOTUyOjE2OTAzMDY1Njg6c3BfbXRmOjIwMTYzMDU5ODA0MTk4OjowOjo&url=%2FWALKENT-Multifunction-Duo-Marketing-Waterproof%2Fdp%2FB0BJ986NTC%2Fref%3Dsr_1_156_sspa%3Fcrid%3D2M096C61O4MLT%26keywords%3Dbags%26qid%3D1690306568%26sprefix%3Dba%252Caps%252C283%26sr%3D8-156-spons%26sp_csd%3Dd2lkZ2V0TmFtZT1zcF9tdGY%26psc%3D1,WALKENT Premium 2 in 1 Multifunction Travel Backpack & Laptop,₹3029,4.6,19
https://www.amazon.in/ADISA-SL5038-women-girls-sling/dp/B08Q4FHQLN/ref=sr_1_157?crid=2M096C61O4MLT&keywords=bags&qid=1690306568&sprefix=ba%2Caps%2C283&sr=8-157,ADISA SL5038 women girls sling,₹564,4.1,1196
https://www.amazon.in/Adjustable-Compartment-Lightweight-Water-Resistant-Travel-Friendly/dp/B0C3RDFPVN/ref=sr_1_158?crid=2M096C61O4MLT&keywords=bags&qid=1690306568&sprefix=ba%2Caps%2C283&sr=8-158,Amazon Basics Laptop Messenger,₹799,4.7,987
https://www.amazon.in/uppercase-Professional-Backpack-resistant-sustainable/dp/B0BWNBQXDZ/ref=sr_1_159?crid=2M096C61O4MLT&keywords=bags&qid=1690306568&sprefix=ba%2Caps%2C283&sr=8-159,uppercase Apex Professional Laptop Backpack (15.6 Inch) 3x more water resistant sustainable,₹1800,4.3,68
https://www.amazon.in/Shoulder-Lightweight-Duffle-Weekend-Blue-Orange/dp/B09139DYF1/ref=sr_1_160?crid=2M096C61O4MLT&keywords=bags&qid=1690306568&sprefix=ba%2Caps%2C283&sr=8-160,Aurion Vista Polyester Sports Gym Duffle,₹349,4.0,1088
https://www.amazon.in/AmazonBasics-Ltrs-Large-Duffel-Bag/dp/B01GGNW5AM/ref=sr_1_161?crid=2M096C61O4MLT&keywords=bags&qid=1690306568&sprefix=ba%2Caps%2C283&sr=8-161,AmazonBasics Nylon 43 Cms Travel Duffle,₹699,4.3,6825
https://www.amazon.in/ADISA-Laptop-Backpack-Office-College/dp/B0BXQD8DZX/ref=sr_1_162?crid=2M096C61O4MLT&keywords=bags&qid=1690306568&sprefix=ba%2Caps%2C283&sr=8-162,ADISA Large Laptop Backpack Office,₹499,3.8,84
https://www.amazon.in/Gear-Training-Travel-Duffel-DUFCRSTNG4314/dp/B098FG3GVX/ref=sr_1_163?crid=2M096C61O4MLT&keywords=bags&qid=1690306568&sprefix=ba%2Caps%2C283&sr=8-163,Gear Polyester 23 Cms Travel,₹489,4.1,531
https://www.amazon.in/F-Gear-Repel-Laptop-Backpacks/dp/B01GTS0LS2/ref=sr_1_164?crid=2M096C61O4MLT&keywords=bags&qid=1690306568&sprefix=ba%2Caps%2C283&sr=8-164,F Gear Repel 30 ltrs Rain and Dust Cover for Laptop,₹249,4.1,2292
https://www.amazon.in/sspa/click?ie=UTF8&spc=MToxNzgwMTIwNjExODAxOTUyOjE2OTAzMDY1Njg6c3BfYnRmOjIwMTYzODQ3NzkzNDk4OjowOjo&url=%2FWALKENT-Darwstring-Waterproof-Resistant-Exterior%2Fdp%2FB0BRYDDG1L%2Fref%3Dsr_1_165_sspa%3Fcrid%3D2M096C61O4MLT%26keywords%3Dbags%26qid%3D1690306568%26sprefix%3Dba%252Caps%252C283%26sr%3D8-165-spons%26sp_csd%3Dd2lkZ2V0TmFtZT1zcF9idGY%26psc%3D1,WALKENT Stylish 15.6 inches Laptop,₹1989,4.6,9
https://www.amazon.in/sspa/click?ie=UTF8&spc=MToxNzgwMTIwNjExODAxOTUyOjE2OTAzMDY1Njg6c3BfYnRmOjIwMDk3NjEyMjMxNjk4OjowOjo&url=%2Fuppercase-Backpack-1800EBP1-resistant-sustainable%2Fdp%2FB0B9T4YDPX%2Fref%3Dsr_1_166_sspa%3Fcrid%3D2M096C61O4MLT%26keywords%3Dbags%26qid%3D1690306568%26sprefix%3Dba%252Caps%252C283%26sr%3D8-166-spons%26sp_csd%3Dd2lkZ2V0TmFtZT1zcF9idGY%26psc%3D1,uppercase Laptop Backpack Printed Compact 3x more water repellent sustainable,₹1200,4.3,33
https://www.amazon.in/uppercase-Professional-Backpack-resistant-sustainable/dp/B0BWNBQXDZ/ref=sr_1_161?crid=2M096C61O4MLT&keywords=bags&qid=1690306573&sprefix=ba%2Caps%2C283&sr=8-161,uppercase Apex Professional Laptop Backpack (15.6 Inch) 3x more water resistant sustainable,₹1800,4.3,68
https://www.amazon.in/AmazonBasics-Ltrs-Large-Duffel-Bag/dp/B01GGNW5AM/ref=sr_1_162?crid=2M096C61O4MLT&keywords=bags&qid=1690306573&sprefix=ba%2Caps%2C283&sr=8-162,AmazonBasics Nylon 43 Cms Travel Duffle,₹699,4.3,6825
https://www.amazon.in/F-Gear-Repel-Laptop-Backpacks/dp/B01GTS0LS2/ref=sr_1_163?crid=2M096C61O4MLT&keywords=bags&qid=1690306573&sprefix=ba%2Caps%2C283&sr=8-163,F Gear Repel 30 ltrs Rain and Dust Cover for Laptop,₹249,4.1,2292
https://www.amazon.in/Multicolour-Printed-Drawstring-Polyester-Backpack/dp/B09ZL3SCTQ/ref=sr_1_164?crid=2M096C61O4MLT&keywords=bags&qid=1690306573&sprefix=ba%2Caps%2C283&sr=8-164,18 L Multicolour Printed Drawstring Polyester Multi Utility,₹199,4.4,6
https://www.amazon.in/MosQuick%C2%AE-Drawstring-Organizing-Stationery-multipurpose/dp/B09SB42QFQ/ref=sr_1_165?crid=2M096C61O4MLT&keywords=bags&qid=1690306573&sprefix=ba%2Caps%2C283&sr=8-165,MosQuick® Clear large Drawstring,₹310,4.0,69
https://www.amazon.in/Caprese-Yondella-Womens-Sling-Saddle/dp/B07B9FBW3C/ref=sr_1_166?crid=2M096C61O4MLT&keywords=bags&qid=1690306573&sprefix=ba%2Caps%2C283&sr=8-166,Caprese Yondella Women's Sling,₹1209,4.3,355
https://www.amazon.in/Gear-Training-Travel-Duffel-DUFCRSTNG4314/dp/B098FG3GVX/ref=sr_1_167?crid=2M096C61O4MLT&keywords=bags&qid=1690306573&sprefix=ba%2Caps%2C283&sr=8-167,Gear Polyester 23 Cms Travel,₹489,4.1,531
https://www.amazon.in/Gear-ltr-Black-Orange-DUFPRO2000106/dp/B00Z93WSVW/ref=sr_1_168?crid=2M096C61O4MLT&keywords=bags&qid=1690306573&sprefix=ba%2Caps%2C283&sr=8-168,Gear polyester 44 cms Duffle,₹431,4.3,836
https://www.amazon.in/Glowic-Hopping-Shoulder-Handbags-WBAG-34/dp/B09HHNZ47K/ref=sr_1_169?crid=2M096C61O4MLT&keywords=bags&qid=1690306573&sprefix=ba%2Caps%2C283&sr=8-169,"Glowic Hopping Grocery, Travel, Beach | Shoulder Handbags Women, College",₹459,3.7,432
https://www.amazon.in/DZert-Polyester-Black-White-Laptop/dp/B07H193V57/ref=sr_1_170?crid=2M096C61O4MLT&keywords=bags&qid=1690306573&sprefix=ba%2Caps%2C283&sr=8-170,DZert Clasy Laptop,₹339,3.8,2499
https://www.amazon.in/Storite-Laptop-Shoulder-Messenger-Bag/dp/B08WZ9KP7Q/ref=sr_1_171?crid=2M096C61O4MLT&keywords=bags&qid=1690306573&sprefix=ba%2Caps%2C283&sr=8-171,Storite Multi-Pocket 15.6 Inch PU Leather Laptop,₹1299,3.7,396
https://www.amazon.in/Baggit-GG-Womens-Laptop-Bag/dp/B0BWRYTLHV/ref=sr_1_172?crid=2M096C61O4MLT&keywords=bags&qid=1690306573&sprefix=ba%2Caps%2C283&sr=8-172,Baggit GG Women's Laptop,₹1389,N/A,M.R.P: 
https://www.amazon.in/AirCase-C25-Messenger-Shoulder-Compartments/dp/B07X6DV3VM/ref=sr_1_173?crid=2M096C61O4MLT&keywords=bags&qid=1690306573&sprefix=ba%2Caps%2C283&sr=8-173,AirCase Office Messenger Sling,₹949,3.9,1338
https://www.amazon.in/Genie-Clara-Backpack-Women-compartments/dp/B097JJGR1N/ref=sr_1_174?crid=2M096C61O4MLT&keywords=bags&qid=1690306573&sprefix=ba%2Caps%2C283&sr=8-174,"Genie Clara Backpack for Women - 3 compartments, Laptop",₹1279,4.4,194
https://www.amazon.in/Wildcraft-Shutter-Bug-Camera-Backpack/dp/B07GVJ5LZB/ref=sr_1_175?crid=2M096C61O4MLT&keywords=bags&qid=1690306573&sprefix=ba%2Caps%2C283&sr=8-175,Wildcraft Shutter Bug Camera Backpack - Black,₹3494.90,4.5,855
https://www.amazon.in/Skybags-Unisex-Black-Jacqard-Laptop/dp/B09ZV81F6M/ref=sr_1_176?crid=2M096C61O4MLT&keywords=bags&qid=1690306573&sprefix=ba%2Caps%2C283&sr=8-176,Skybags Unisex Black Jacqard 34L Laptop,₹1149,4.1,43
https://www.amazon.in/Skybags-Unisex-Black-Jacqard-Laptop/dp/B09ZV81F6M/ref=sr_1_177?crid=2M096C61O4MLT&keywords=bags&qid=1690306578&sprefix=ba%2Caps%2C283&sr=8-177,Skybags Unisex Black Jacqard 34L Laptop,₹1149,4.1,43
https://www.amazon.in/Martucci-Waterproof-Backpack-College-Business/dp/B0BRJRVH6D/ref=sr_1_178?crid=2M096C61O4MLT&keywords=bags&qid=1690306578&sprefix=ba%2Caps%2C283&sr=8-178,Martucci Jersey 45L Casual Waterproof Laptop Backpack/Office,₹809,3.7,160
https://www.amazon.in/Sprqcart-Travel-Shoulder-Weekender-Overnight/dp/B0C3RBGHCN/ref=sr_1_179?crid=2M096C61O4MLT&keywords=bags&qid=1690306578&sprefix=ba%2Caps%2C283&sr=8-179,Sprqcart Travel Duffel,₹474.05,4.3,24
https://www.amazon.in/MuscleBlaze-Duffle-Women-Sports-Weekender/dp/B0C8BBNB8B/ref=sr_1_180?crid=2M096C61O4MLT&keywords=bags&qid=1690306578&sprefix=ba%2Caps%2C283&sr=8-180,MuscleBlaze Gym Duffle,₹449,5.0,4
https://www.amazon.in/Polyester-Crossbody-Messenger-Business-Spacious/dp/B09TL193PL/ref=sr_1_181?crid=2M096C61O4MLT&keywords=bags&qid=1690306578&sprefix=ba%2Caps%2C283&sr=8-181,CRALOFT Polyester 11.5 inch Side,₹529,4.3,458
https://www.amazon.in/Safari-Polyester-Cms-Travel-KRYPTON17DFBLK_Black/dp/B097L3XJ38/ref=sr_1_182?crid=2M096C61O4MLT&keywords=bags&qid=1690306578&sprefix=ba%2Caps%2C283&sr=8-182,Safari Polyester 24 Cms Travel,₹699,4.4,25
https://www.amazon.in/STRAUSS-Jute-Yoga-Shoulder-Strap/dp/B0BBWM221J/ref=sr_1_183?crid=2M096C61O4MLT&keywords=bags&qid=1690306578&sprefix=ba%2Caps%2C283&sr=8-183,STRAUSS Yoga Mat,₹179,3.6,739
https://www.amazon.in/Tinytot-School-Backpack-College-Standard/dp/B08B4T6HVR/ref=sr_1_184?crid=2M096C61O4MLT&keywords=bags&qid=1690306578&sprefix=ba%2Caps%2C283&sr=8-184,Tinytot School Backpack College,₹742,4.0,1280
https://www.amazon.in/ZOUK-Womens-Office-Bag-Multicolour/dp/B09DF2NPCS/ref=sr_1_185?crid=2M096C61O4MLT&keywords=bags&qid=1690306578&sprefix=ba%2Caps%2C283&sr=8-185,ZOUK Mughal Art Printed Handmade Vegan Leather Women's Office,₹1689,4.2,107
https://www.amazon.in/Gizga-Essentials-Organizer-Multi-Utility-Cosmetics/dp/B09WVRKYCJ/ref=sr_1_186?crid=2M096C61O4MLT&keywords=bags&qid=1690306578&sprefix=ba%2Caps%2C283&sr=8-186,Gizga Essentials Travel Toiletry Kit,₹349,4.2,162
https://www.amazon.in/Bangtan-Backpacks-Shoulder-Charging-Accessories/dp/B09K3TPJYL/ref=sr_1_187?crid=2M096C61O4MLT&keywords=bags&qid=1690306578&sprefix=ba%2Caps%2C283&sr=8-187,PALAY BTS Kpop Bangtan Backpacks Daypack Laptop,₹1685,3.9,31
https://www.amazon.in/Keywest-Breeze-32L-Resistant-Laptop-Backpack/dp/B0BW64LNZT/ref=sr_1_188?crid=2M096C61O4MLT&keywords=bags&qid=1690306578&sprefix=ba%2Caps%2C283&sr=8-188,Keywest Breeze-32L Water Resistant Laptop,₹399,5.0,1
https://www.amazon.in/WALKENT-Multifunction-Duo-Marketing-Waterproof/dp/B0BJ986NTC/ref=sr_1_189?crid=2M096C61O4MLT&keywords=bags&qid=1690306578&sprefix=ba%2Caps%2C283&sr=8-189,WALKENT Premium 2 in 1 Multifunction Travel Backpack & Laptop,₹3029,4.6,19
https://www.amazon.in/LOOKMUSTER-Waterproof-Backpack-College-Business/dp/B0BS6YGKMC/ref=sr_1_190?crid=2M096C61O4MLT&keywords=bags&qid=1690306578&sprefix=ba%2Caps%2C283&sr=8-190,LOOKMUSTER Casual Waterproof Laptop Backpack/Office,₹614,3.9,37
https://www.amazon.in/TRAVEL-POINT-Backpack-Multipurpose-DOUBLE-LINE-YELLOW/dp/B0B2JRGLXQ/ref=sr_1_191?crid=2M096C61O4MLT&keywords=bags&qid=1690306578&sprefix=ba%2Caps%2C283&sr=8-191,TRAVEL POINT 30L Laptop Backpack | School,₹489,3.9,15
https://www.amazon.in/London-Stylish-Passport-Adjustable-246_Black/dp/B07ZFT873B/ref=sr_1_192?crid=2M096C61O4MLT&keywords=bags&qid=1690306578&sprefix=ba%2Caps%2C283&sr=8-192,K London Stylish Real Leather Black Waist,₹335,4.2,2378
https://www.amazon.in/Bangtan-Backpacks-Shoulder-Charging-Accessories/dp/B09K3TPJYL/ref=sr_1_193?crid=2M096C61O4MLT&keywords=bags&qid=1690306583&sprefix=ba%2Caps%2C283&sr=8-193,PALAY BTS Kpop Bangtan Backpacks Daypack Laptop,₹1685,3.9,31
https://www.amazon.in/Keywest-Breeze-32L-Resistant-Laptop-Backpack/dp/B0BW64LNZT/ref=sr_1_194?crid=2M096C61O4MLT&keywords=bags&qid=1690306583&sprefix=ba%2Caps%2C283&sr=8-194,Keywest Breeze-32L Water Resistant Laptop,₹399,5.0,1
https://www.amazon.in/WALKENT-Multifunction-Duo-Marketing-Waterproof/dp/B0BJ986NTC/ref=sr_1_195?crid=2M096C61O4MLT&keywords=bags&qid=1690306583&sprefix=ba%2Caps%2C283&sr=8-195,WALKENT Premium 2 in 1 Multifunction Travel Backpack & Laptop,₹3029,4.6,19
https://www.amazon.in/LOOKMUSTER-Waterproof-Backpack-College-Business/dp/B0BS6YGKMC/ref=sr_1_196?crid=2M096C61O4MLT&keywords=bags&qid=1690306583&sprefix=ba%2Caps%2C283&sr=8-196,LOOKMUSTER Casual Waterproof Laptop Backpack/Office,₹614,3.9,37
https://www.amazon.in/TRAVEL-POINT-Backpack-Multipurpose-DOUBLE-LINE-YELLOW/dp/B0B2JRGLXQ/ref=sr_1_197?crid=2M096C61O4MLT&keywords=bags&qid=1690306583&sprefix=ba%2Caps%2C283&sr=8-197,TRAVEL POINT 30L Laptop Backpack | School,₹489,3.9,15
https://www.amazon.in/Red-Lemon-Capacity-Backpack-Multifunctional/dp/B09RK4BRPM/ref=sr_1_198?crid=2M096C61O4MLT&keywords=bags&qid=1690306583&sprefix=ba%2Caps%2C283&sr=8-198,Red Lemon Swiss Cut Design 15.6 Inch Smart Laptop Backpack,₹1799,4.4,1064
https://www.amazon.in/Amazon-Basics-Laptop-Backpack-Repellent/dp/B09W43XLBY/ref=sr_1_199?crid=2M096C61O4MLT&keywords=bags&qid=1690306583&sprefix=ba%2Caps%2C283&sr=8-199,"AmazonBasics Water Repellent and Wear Resistant Laptop Backpack - 24L, Blue",₹709,4.2,653
https://www.amazon.in/London-Stylish-Passport-Adjustable-246_Black/dp/B07ZFT873B/ref=sr_1_200?crid=2M096C61O4MLT&keywords=bags&qid=1690306583&sprefix=ba%2Caps%2C283&sr=8-200,K London Stylish Real Leather Black Waist,₹335,4.2,2378
https://www.amazon.in/Trajectory-Messenger-Warranty-Compartment-Expandable/dp/B0BCQCWMPW/ref=sr_1_201?crid=2M096C61O4MLT&keywords=bags&qid=1690306583&sprefix=ba%2Caps%2C283&sr=8-201,Trajectory 15.6 Inch Vegan Leather Messenger Laptop,₹999,4.3,22
https://www.amazon.in/American-Tourister-40X-09-009/dp/B00FRCNTUO/ref=sr_1_202?crid=2M096C61O4MLT&keywords=bags&qid=1690306583&sprefix=ba%2Caps%2C283&sr=8-202,American Tourister X-,₹2099,4.3,394
https://www.amazon.in/Storite-Leather-Laptop-Bag-inch/dp/B081GQJLD2/ref=sr_1_203?crid=2M096C61O4MLT&keywords=bags&qid=1690306583&sprefix=ba%2Caps%2C283&sr=8-203,Storite PU Leather 14 inch Laptop Messenger Organizer,₹999,4.0,1628
https://www.amazon.in/Waterproof-Backpack-Students-adjustable-Compartment/dp/B09V5HRYR7/ref=sr_1_204?crid=2M096C61O4MLT&keywords=bags&qid=1690306583&sprefix=ba%2Caps%2C283&sr=8-204,CAPRIFF 32 L Casual Waterproof Laptop,₹699,3.8,3102
https://www.amazon.in/ADISA-Laptop-Backpack-Office-College/dp/B0BPVCBFM7/ref=sr_1_205?crid=2M096C61O4MLT&keywords=bags&qid=1690306583&sprefix=ba%2Caps%2C283&sr=8-205,ADISA 32L Large Laptop Backpack Office,₹599,3.8,263
https://www.amazon.in/uppercase-Professional-resistant-sustainable-Anti-theft/dp/B0BR1C59R8/ref=sr_1_206?crid=2M096C61O4MLT&keywords=bags&qid=1690306583&sprefix=ba%2Caps%2C283&sr=8-206,uppercase SealPro Professional Laptop Backpack (15.6 Inch) 3x more water resistant sustainable,₹1900,4.6,70
https://www.amazon.in/MOKOBARA-THABF12CSC22001-Briefcase-Surf-Camp/dp/B08SWM8XVW/ref=sr_1_207?crid=2M096C61O4MLT&keywords=bags&qid=1690306583&sprefix=ba%2Caps%2C283&sr=8-207,"MOKOBARA The Briefcase - 15.6"" Blue Laptop Messenger",₹5499,4.5,318
https://www.amazon.in/TUFFGEAR-Workout-Litre-Duffle-Yellow/dp/B08R7HYFM1/ref=sr_1_208?crid=2M096C61O4MLT&keywords=bags&qid=1690306583&sprefix=ba%2Caps%2C283&sr=8-208,TUFFGEAR Polyester Gym,₹563,4.1,1002
https://www.amazon.in/London-Stylish-Passport-Adjustable-246_Black/dp/B07ZFT873B/ref=sr_1_209?crid=2M096C61O4MLT&keywords=bags&qid=1690306588&sprefix=ba%2Caps%2C283&sr=8-209,K London Stylish Real Leather Black Waist,₹335,4.2,2378
https://www.amazon.in/American-Tourister-40X-09-009/dp/B00FRCNTUO/ref=sr_1_210?crid=2M096C61O4MLT&keywords=bags&qid=1690306588&sprefix=ba%2Caps%2C283&sr=8-210,American Tourister X-,₹2099,4.3,394
https://www.amazon.in/TUFFGEAR-Workout-Litre-Duffle-Yellow/dp/B08R7HYFM1/ref=sr_1_211?crid=2M096C61O4MLT&keywords=bags&qid=1690306588&sprefix=ba%2Caps%2C283&sr=8-211,TUFFGEAR Polyester Gym,₹563,4.1,1002
https://www.amazon.in/uppercase-Professional-resistant-sustainable-Anti-theft/dp/B0BR1C59R8/ref=sr_1_212?crid=2M096C61O4MLT&keywords=bags&qid=1690306588&sprefix=ba%2Caps%2C283&sr=8-212,uppercase SealPro Professional Laptop Backpack (15.6 Inch) 3x more water resistant sustainable,₹1900,4.6,70
https://www.amazon.in/Tommy-Hilfiger-Elegant-Polyester-Backpack/dp/B0BJ6SCMNH/ref=sr_1_213?crid=2M096C61O4MLT&keywords=bags&qid=1690306588&sprefix=ba%2Caps%2C283&sr=8-213,Tommy Hilfiger Elegant Unisex Polyester 15 Inch Laptop Backpack Red+White+Blue,₹2219,5.0,4
https://www.amazon.in/MOKOBARA-THABF12CSC22001-Briefcase-Surf-Camp/dp/B08SWM8XVW/ref=sr_1_214?crid=2M096C61O4MLT&keywords=bags&qid=1690306588&sprefix=ba%2Caps%2C283&sr=8-214,"MOKOBARA The Briefcase - 15.6"" Blue Laptop Messenger",₹5499,4.5,318
https://www.amazon.in/Tabelito-NEO-Backpack-Business-Compartment/dp/B0C2D2GPWJ/ref=sr_1_215?crid=2M096C61O4MLT&keywords=bags&qid=1690306588&sprefix=ba%2Caps%2C283&sr=8-215,Tabelito® NEO 3O L Water Resistant Laptop/College/Office/School/Travel/Business,₹399,3.9,111
https://www.amazon.in/Gear-Firefly-Laptop-Rucksack-Liters/dp/B074DWN7NS/ref=sr_1_216?crid=2M096C61O4MLT&keywords=bags&qid=1690306588&sprefix=ba%2Caps%2C283&sr=8-216,"F Gear Firefly V2 Laptop Rucksack 40 Liters (Navy blue, Yellow) Sch",₹1749,4.3,126
https://www.amazon.in/Fast-Travel-partition-Collage-Backpack/dp/B09VCQWRC4/ref=sr_1_217?crid=2M096C61O4MLT&keywords=bags&qid=1690306588&sprefix=ba%2Caps%2C283&sr=8-217,"Fast Travel 45 Ltrs, 46 cms School",₹692,4.1,958
https://www.amazon.in/Safari-Formal-Backpack-Anti-Theft-VAULT19CBBLK/dp/B07XSTR69N/ref=sr_1_218?crid=2M096C61O4MLT&keywords=bags&qid=1690306588&sprefix=ba%2Caps%2C283&sr=8-218,"Safari 48 Cms Black Formal/Office/Laptop Backpack With Anti-Theft, Lock, Usb And Rfid (Vault19Cbblk)",₹1396,4.0,878
https://www.amazon.in/F-Gear-Enzo-Red-Sports-Waist-Bag/dp/B0862LF7HS/ref=sr_1_219?crid=2M096C61O4MLT&keywords=bags&qid=1690306588&sprefix=ba%2Caps%2C283&sr=8-219,F Gear Enzo Sports Waist,₹259,4.2,916
https://www.amazon.in/POLESTAR-Navyorg-Casual-bagpack-Backpack/dp/B0844R2GMK/ref=sr_1_220?crid=2M096C61O4MLT&keywords=bags&qid=1690306588&sprefix=ba%2Caps%2C283&sr=8-220,POLESTAR Space 34 L,₹549,4.0,6374
https://www.amazon.in/Lavie-Sport-Strato-Medium-Duffle/dp/B0BNCBGRPX/ref=sr_1_221?crid=2M096C61O4MLT&keywords=bags&qid=1690306588&sprefix=ba%2Caps%2C283&sr=8-221,Lavie Sport Strato Medium 55 cms Duffle,₹829,4.2,44
https://www.amazon.in/Lunars-Small-Bag-Daily-Use/dp/B08N47VTFQ/ref=sr_1_222?crid=2M096C61O4MLT&keywords=bags&qid=1690306588&sprefix=ba%2Caps%2C283&sr=8-222,Lunar's Small,₹339,3.9,566
https://www.amazon.in/Lavie-Sara-Front-Sling-Medium/dp/B08JDK6VT1/ref=sr_1_223?crid=2M096C61O4MLT&keywords=bags&qid=1690306588&sprefix=ba%2Caps%2C283&sr=8-223,Lavie Women's Sara Box Sling,₹812,4.0,1881
https://www.amazon.in/EUME-Virgo-29Ltr-Laptop-Backpack/dp/B08R58K6QX/ref=sr_1_224?crid=2M096C61O4MLT&keywords=bags&qid=1690306588&sprefix=ba%2Caps%2C283&sr=8-224,"EUME Virgo 29 Liter, 2 Compartment Office and College",₹999,4.0,180
https://www.amazon.in/F-Gear-Enzo-Red-Sports-Waist-Bag/dp/B0862LF7HS/ref=sr_1_225?crid=2M096C61O4MLT&keywords=bags&qid=1690306593&sprefix=ba%2Caps%2C283&sr=8-225,F Gear Enzo Sports Waist,₹259,4.2,916
https://www.amazon.in/POLESTAR-Navyorg-Casual-bagpack-Backpack/dp/B0844R2GMK/ref=sr_1_226?crid=2M096C61O4MLT&keywords=bags&qid=1690306593&sprefix=ba%2Caps%2C283&sr=8-226,POLESTAR Space 34 L,₹549,4.0,6374
https://www.amazon.in/Lavie-Sport-Strato-Medium-Duffle/dp/B0BNCBGRPX/ref=sr_1_227?crid=2M096C61O4MLT&keywords=bags&qid=1690306593&sprefix=ba%2Caps%2C283&sr=8-227,Lavie Sport Strato Medium 55 cms Duffle,₹829,4.2,44
https://www.amazon.in/Lunars-Small-Bag-Daily-Use/dp/B08N47VTFQ/ref=sr_1_228?crid=2M096C61O4MLT&keywords=bags&qid=1690306593&sprefix=ba%2Caps%2C283&sr=8-228,Lunar's Small,₹339,3.9,566
https://www.amazon.in/Lavie-Sara-Front-Sling-Medium/dp/B08JDK6VT1/ref=sr_1_229?crid=2M096C61O4MLT&keywords=bags&qid=1690306593&sprefix=ba%2Caps%2C283&sr=8-229,Lavie Women's Sara Box Sling,₹812,4.0,1881
https://www.amazon.in/EUME-Virgo-29Ltr-Laptop-Backpack/dp/B08R58K6QX/ref=sr_1_230?crid=2M096C61O4MLT&keywords=bags&qid=1690306593&sprefix=ba%2Caps%2C283&sr=8-230,"EUME Virgo 29 Liter, 2 Compartment Office and College",₹999,4.0,180
https://www.amazon.in/Waterproof-Laptop-College-Backpack-Navy_Blue/dp/B0BW9BTJCZ/ref=sr_1_231?crid=2M096C61O4MLT&keywords=bags&qid=1690306593&sprefix=ba%2Caps%2C283&sr=8-231,30 L Waterproof Laptop/College/School/Office,₹486,4.6,6
https://www.amazon.in/Safari-KANHA-Wheel-Trolley-Case/dp/B00LUMINPQ/ref=sr_1_232?crid=2M096C61O4MLT&keywords=bags&qid=1690306593&sprefix=ba%2Caps%2C283&sr=8-232,"Genie Cleo Laptop Backpack for Women, 3 compartments, Stylish and Trendy College",₹899,1.0,1
https://www.amazon.in/Travalate-Luggage-Organizer-Ultra-Light-Polyester/dp/B0BZDLS9VW/ref=sr_1_233?crid=2M096C61O4MLT&keywords=bags&qid=1690306593&sprefix=ba%2Caps%2C283&sr=8-233,Travalate Travel Duffle Luggage,₹948,4.2,36
https://www.amazon.in/Kuber-Industries-Carrying-Multi-Purpose-CTKTC034727/dp/B083J6HVMB/ref=sr_1_234?crid=2M096C61O4MLT&keywords=bags&qid=1690306593&sprefix=ba%2Caps%2C283&sr=8-234,Kuber Industries Faux Leather 20 Cms Duffle,₹346,3.8,209
https://www.amazon.in/Tommy-Hilfiger-Nashville-Overnighter-Travel/dp/B0C3ZQBRT3/ref=sr_1_235?crid=2M096C61O4MLT&keywords=bags&qid=1690306593&sprefix=ba%2Caps%2C283&sr=8-235,"Tommy Hilfiger Nashville Black Overnighter for Travel - 51Ltrs, 15 Inch Laptop Capacity 4 Wheel Trolley",₹3499,5.0,4
https://www.amazon.in/Lavie-Spring-Summer-Womens-Tote/dp/B0814PV49H/ref=sr_1_236?crid=2M096C61O4MLT&keywords=bags&qid=1690306593&sprefix=ba%2Caps%2C283&sr=8-236,Lavie Women's Pavo Tote,₹929,4.1,4897
https://www.amazon.in/Li-Ning-Single-Badminton-Polyester-Royal/dp/B09VDRLTJJ/ref=sr_1_237?crid=2M096C61O4MLT&keywords=bags&qid=1690306593&sprefix=ba%2Caps%2C283&sr=8-237,Li-Ning All Star Single Zip Badminton Polyester Kit,₹699,4.1,328
https://www.amazon.in/Meek-Executive-Essential-17-5Inch-Lightweight/dp/B0C7WKWTZJ/ref=sr_1_238?crid=2M096C61O4MLT&keywords=bags&qid=1690306593&sprefix=ba%2Caps%2C283&sr=8-238,Meek HP Executive Essential Laptop,₹999.99,5.0,2
https://www.amazon.in/American-Tourister-Unisex-Laptop-Backpack/dp/B0C8649NY8/ref=sr_1_239?crid=2M096C61O4MLT&keywords=bags&qid=1690306593&sprefix=ba%2Caps%2C283&sr=8-239,"American Tourister SHAW Unisex Laptop Backpack - Teal, Unisex, 17'' Laptop Compatible with Multi-Level Organizer and External Bottle Pocket",₹1399,4.0,2
https://www.amazon.in/F-Gear-Hunter-Black-Rucksack-Black/dp/B07DCDTL21/ref=sr_1_240?crid=2M096C61O4MLT&keywords=bags&qid=1690306593&sprefix=ba%2Caps%2C283&sr=8-240,"F Gear Hunter 75 Ltrs Black Rucksack (Black, Grey Diamond)",₹2240,4.2,1971
https://www.amazon.in/Lavie-Spring-Summer-Womens-Tote/dp/B0814PV49H/ref=sr_1_241?crid=2M096C61O4MLT&keywords=bags&qid=1690306599&sprefix=ba%2Caps%2C283&sr=8-241,Lavie Women's Pavo Tote,₹929,4.1,4897
https://www.amazon.in/Polestar-Liters-Polyester-Casual-Backpack/dp/B09243WY6M/ref=sr_1_242?crid=2M096C61O4MLT&keywords=bags&qid=1690306599&sprefix=ba%2Caps%2C283&sr=8-242,POLESTAR Enzo 15.6 inch 35 LTR Casual Laptop Backpack/Office,₹619,4.1,3895
https://www.amazon.in/Meek-Executive-Essential-17-5Inch-Lightweight/dp/B0C7WKWTZJ/ref=sr_1_243?crid=2M096C61O4MLT&keywords=bags&qid=1690306599&sprefix=ba%2Caps%2C283&sr=8-243,Meek HP Executive Essential Laptop,₹999.99,5.0,2
https://www.amazon.in/Gear-Polyester-Laptop-Backpack-LBPECO1000109/dp/B012NW1H1I/ref=sr_1_244?crid=2M096C61O4MLT&keywords=bags&qid=1690306599&sprefix=ba%2Caps%2C283&sr=8-244,Gear ECO 1 Black Orange Red Laptop Backpack,₹879,4.3,1399
https://www.amazon.in/Flamingo-Cosmetic-Sichumaria-Water-Resistant-Organizer/dp/B0B1HNQHXD/ref=sr_1_245?crid=2M096C61O4MLT&keywords=bags&qid=1690306599&sprefix=ba%2Caps%2C283&sr=8-245,Sichumaria Flamingo Cosmetic,₹238,3.9,72
https://www.amazon.in/F-Gear-Hunter-Black-Rucksack-Black/dp/B07DCDTL21/ref=sr_1_246?crid=2M096C61O4MLT&keywords=bags&qid=1690306599&sprefix=ba%2Caps%2C283&sr=8-246,"F Gear Hunter 75 Ltrs Black Rucksack (Black, Grey Diamond)",₹2240,4.2,1971
https://www.amazon.in/Skybags-Ltrs-Casual-Backpack-BPNNE18HBLU/dp/B08QGPK772/ref=sr_1_247?crid=2M096C61O4MLT&keywords=bags&qid=1690306599&sprefix=ba%2Caps%2C283&sr=8-247,Skybags 32 Ltrs Blue Casual Backpack (BPNNE18HBLU),₹1399,4.1,524
https://www.amazon.in/Backpack-Colleges-Luggage-Waterproof-Stylish/dp/B09GYGCK54/ref=sr_1_248?crid=2M096C61O4MLT&keywords=bags&qid=1690306599&sprefix=ba%2Caps%2C283&sr=8-248,"URBAN CARRIER Unisex Waterproof Medium Laptop Backpack for School and Colleges (Grey, Large, 45 Liters)",₹579,4.0,415
https://www.amazon.in/Wildcraft-Hopper-Laptop-Backpack-Blue/dp/B07YNL6H8H/ref=sr_1_249?crid=2M096C61O4MLT&keywords=bags&qid=1690306599&sprefix=ba%2Caps%2C283&sr=8-249,Wildcraft Hopper 1.0 Laptop Backpack 24L (Blue),₹1390,4.5,8
https://www.amazon.in/HP-Lightweight-100-Gray-Backpack/dp/B08CY1V6P7/ref=sr_1_250?crid=2M096C61O4MLT&keywords=bags&qid=1690306599&sprefix=ba%2Caps%2C283&sr=8-250,HP Lightweight 100 Laptop Backpack with Elastic and Padded Shoulder Straps (Gray),₹1026,4.0,173
https://www.amazon.in/Half-Moon-Resistant-Laptop-Backpack/dp/B09842K4RQ/ref=sr_1_251?crid=2M096C61O4MLT&keywords=bags&qid=1690306599&sprefix=ba%2Caps%2C283&sr=8-251,Half Moon 35L Water Resistant 15.6 inch Laptop,₹699,3.9,340
https://www.amazon.in/F-Gear-Booster-Laptop-Backpack-Black/dp/B071NRPTR9/ref=sr_1_252?crid=2M096C61O4MLT&keywords=bags&qid=1690306599&sprefix=ba%2Caps%2C283&sr=8-252,F Gear Booster V2 43 Liters Laptop Backpack Sch,₹1349,4.0,321
https://www.amazon.in/Wooum-Resisitance-Shoulder-Business-Messenger/dp/B0993Q72WD/ref=sr_1_253?crid=2M096C61O4MLT&keywords=bags&qid=1690306599&sprefix=ba%2Caps%2C283&sr=8-253,Wooum Sling Cross Body,₹328,4.0,711
https://www.amazon.in/Puma-Black-Laptop-Backpack-7573301/dp/B07JHJCZSM/ref=sr_1_254?crid=2M096C61O4MLT&keywords=bags&qid=1690306599&sprefix=ba%2Caps%2C283&sr=8-254,PUMA 26 Ltrs Puma Black Laptop Backpack,₹1239,3.8,89
https://www.amazon.in/DAHSHA-Sling-Messenger-Bag-Grey/dp/B09CGDFNBV/ref=sr_1_255?crid=2M096C61O4MLT&keywords=bags&qid=1690306599&sprefix=ba%2Caps%2C283&sr=8-255,DAHSHA Nylon Stylish Small 6 Multi-Pocket Zip Closure Sling Cross Body Travel Messenger One Side Shoulder,₹545,4.0,790
https://www.amazon.in/Right-Choice-Stylish-College-Backpack/dp/B07ZVXDHCK/ref=sr_1_256?crid=2M096C61O4MLT&keywords=bags&qid=1690306599&sprefix=ba%2Caps%2C283&sr=8-256,RIGHTCHOICE Quality Stylish Casual Backpack Daily use Unisex Typography College,₹259,3.5,975
https://www.amazon.in/F-Gear-Booster-Laptop-Backpack-Black/dp/B071NRPTR9/ref=sr_1_257?crid=2M096C61O4MLT&keywords=bags&qid=1690306604&sprefix=ba%2Caps%2C283&sr=8-257,F Gear Booster V2 43 Liters Laptop Backpack Sch,₹1349,4.0,321
https://www.amazon.in/Wooum-Resisitance-Shoulder-Business-Messenger/dp/B0993Q72WD/ref=sr_1_258?crid=2M096C61O4MLT&keywords=bags&qid=1690306604&sprefix=ba%2Caps%2C283&sr=8-258,Wooum Sling Cross Body,₹328,4.0,711
https://www.amazon.in/Puma-Black-Laptop-Backpack-7573301/dp/B07JHJCZSM/ref=sr_1_259?crid=2M096C61O4MLT&keywords=bags&qid=1690306604&sprefix=ba%2Caps%2C283&sr=8-259,PUMA 26 Ltrs Puma Black Laptop Backpack,₹1239,3.8,89
https://www.amazon.in/DAHSHA-Sling-Messenger-Bag-Grey/dp/B09CGDFNBV/ref=sr_1_260?crid=2M096C61O4MLT&keywords=bags&qid=1690306604&sprefix=ba%2Caps%2C283&sr=8-260,DAHSHA Nylon Stylish Small 6 Multi-Pocket Zip Closure Sling Cross Body Travel Messenger One Side Shoulder,₹545,4.0,790
https://www.amazon.in/Right-Choice-Stylish-College-Backpack/dp/B07ZVXDHCK/ref=sr_1_261?crid=2M096C61O4MLT&keywords=bags&qid=1690306604&sprefix=ba%2Caps%2C283&sr=8-261,RIGHTCHOICE Quality Stylish Casual Backpack Daily use Unisex Typography College,₹259,3.5,975
https://www.amazon.in/FUR-JADEN-Waterproof-Charging-BM25_Navy/dp/B07FMBQ891/ref=sr_1_262?crid=2M096C61O4MLT&keywords=bags&qid=1690306604&sprefix=ba%2Caps%2C283&sr=8-262,FUR JADEN 15.6 Anti Theft Laptop Backpack with USB Charging Port Unisex,₹749,4.0,6160
https://www.amazon.in/Pramadda-Pure-Luxury-Backpack-Bagpacks/dp/B0C6NNPZTC/ref=sr_1_263?crid=2M096C61O4MLT&keywords=bags&qid=1690306604&sprefix=ba%2Caps%2C283&sr=8-263,Pramadda Pure Luxury Milan Casual Vegan Leather 15.6 inch Laptop Backpack for Men and Women | Stylish School College Office Travel Bagpacks | Trendy Office Laptop,₹1200,4.9,11
https://www.amazon.in/Capriff-Liters-Collage-travell-Backpack/dp/B084T7X2HX/ref=sr_1_264?crid=2M096C61O4MLT&keywords=bags&qid=1690306604&sprefix=ba%2Caps%2C283&sr=8-264,CAPRIFF 32 L Casual Waterproof Laptop,₹539,3.8,3102
https://www.amazon.in/Messenger-Shoulder-Resistant-Anti-theft-Crossbody/dp/B0B6FYYPK3/ref=sr_1_265?crid=2M096C61O4MLT&keywords=bags&qid=1690306604&sprefix=ba%2Caps%2C283&sr=8-265,Arctic Hunter Sling,₹2099,4.2,88
https://www.amazon.in/F-Gear-Axe-Black-Navy-Blue-bag/dp/B00MI562BG/ref=sr_1_266?crid=2M096C61O4MLT&keywords=bags&qid=1690306604&sprefix=ba%2Caps%2C283&sr=8-266,F Gear Axe 27L Black Navy Blue School,₹969,4.2,5814
https://www.amazon.in/Dynotrek-Sack-pack-Waterproof-Chromebook-DT02SCB/dp/B09DBVBYN4/ref=sr_1_267?crid=2M096C61O4MLT&keywords=bags&qid=1690306604&sprefix=ba%2Caps%2C283&sr=8-267,"Dynotrek 13 14 Upto 15.6"" Inch Laptop Casual Sack-pack Rucksack Travel Backpack With USB Charging Port For Men & Women Waterproof Backpack Suitable for Chromebook DT02SCB",₹899,3.8,1162
https://www.amazon.in/Number-Backpack-Compartment-Charging-Organizer/dp/B09VTC876Z/ref=sr_1_268?crid=2M096C61O4MLT&keywords=bags&qid=1690306604&sprefix=ba%2Caps%2C283&sr=8-268,FUR JADEN Anti Theft Number Lock Backpack,₹670,4.0,4954
https://www.amazon.in/Derben-Fabric-Leather-Laptop-Messenger/dp/B08TVL3MWJ/ref=sr_1_269?crid=2M096C61O4MLT&keywords=bags&qid=1690306604&sprefix=ba%2Caps%2C283&sr=8-269,"DERBEN CLOVE® 15.6 Men and Women Laptop, MacBook Shoulder Messenger Sling Office",₹899,4.1,157
https://www.amazon.in/uppercase-Backpack-1800EBP2-resistant-sustainable/dp/B0BQYJ8WP5/ref=sr_1_270?crid=2M096C61O4MLT&keywords=bags&qid=1690306604&sprefix=ba%2Caps%2C283&sr=8-270,uppercase Laptop Backpack Printed Compact 3x more water repellent sustainable,₹1350,4.1,101
https://www.amazon.in/F-Gear-President-Brown-Laptop-Backpack/dp/B06XW7FSHF/ref=sr_1_271?crid=2M096C61O4MLT&keywords=bags&qid=1690306604&sprefix=ba%2Caps%2C283&sr=8-271,F Gear President Brown 30 liter Laptop Backpack Sch,₹1199,4.3,538
https://www.amazon.in/Impulse-Impbee-Backpack-Business-Resistant/dp/B0C1CSS81H/ref=sr_1_272?crid=2M096C61O4MLT&keywords=bags&qid=1690306604&sprefix=ba%2Caps%2C283&sr=8-272,Impulse Impbee 45L Laptop Backpack/Office,₹881,4.2,7
https://www.amazon.in/Half-Moon-Resistant-Laptop-Backpack/dp/B09842K4RQ/ref=sr_1_273?crid=2M096C61O4MLT&keywords=bags&qid=1690306608&sprefix=ba%2Caps%2C283&sr=8-273,Half Moon 35L Water Resistant 15.6 inch Laptop,₹699,3.9,340
https://www.amazon.in/Shoulder-Backpacks-Crossbody-Backpack-Daypacks/dp/B07TT79C33/ref=sr_1_274?crid=2M096C61O4MLT&keywords=bags&qid=1690306608&sprefix=ba%2Caps%2C283&sr=8-274,Arctic Hunter Mens Chest,₹1399,4.4,682
https://www.amazon.in/Harissons-Glint-Polyester-Laptop-Backpacks/dp/B08L7K3FHB/ref=sr_1_275?crid=2M096C61O4MLT&keywords=bags&qid=1690306608&sprefix=ba%2Caps%2C283&sr=8-275,"HARISSONS Glint 36L Laptop Backpack for Office & Travel purpose | Easy Grab Handle, Detailed Organizer & Easy Access Pocket School Backpack | 15.6"" Polyester Backpack for Men & Women",₹2249,4.1,285
https://www.amazon.in/Wooum-Resisitance-Shoulder-Business-Messenger/dp/B0993Q72WD/ref=sr_1_276?crid=2M096C61O4MLT&keywords=bags&qid=1690306608&sprefix=ba%2Caps%2C283&sr=8-276,Wooum Sling Cross Body,₹328,4.0,711
https://www.amazon.in/Right-Choice-Stylish-College-Backpack/dp/B07ZVXDHCK/ref=sr_1_277?crid=2M096C61O4MLT&keywords=bags&qid=1690306608&sprefix=ba%2Caps%2C283&sr=8-277,RIGHTCHOICE Quality Stylish Casual Backpack Daily use Unisex Typography College,₹259,3.5,975
https://www.amazon.in/Hilfiger-Laptop-Backpack-TH-FERNLAYLAP07/dp/B07P3F44K6/ref=sr_1_278?crid=2M096C61O4MLT&keywords=bags&qid=1690306608&sprefix=ba%2Caps%2C283&sr=8-278,Tommy Hilfiger 27 Ltrs,₹2099,3.9,28
https://www.amazon.in/Dynotrek-Sack-pack-Waterproof-Chromebook-DT02SCB/dp/B09DBVBYN4/ref=sr_1_279?crid=2M096C61O4MLT&keywords=bags&qid=1690306608&sprefix=ba%2Caps%2C283&sr=8-279,"Dynotrek 13 14 Upto 15.6"" Inch Laptop Casual Sack-pack Rucksack Travel Backpack With USB Charging Port For Men & Women Waterproof Backpack Suitable for Chromebook DT02SCB",₹899,3.8,1162
https://www.amazon.in/uppercase-Backpack-1800EBP2-resistant-sustainable/dp/B0BQYJ8WP5/ref=sr_1_280?crid=2M096C61O4MLT&keywords=bags&qid=1690306608&sprefix=ba%2Caps%2C283&sr=8-280,uppercase Laptop Backpack Printed Compact 3x more water repellent sustainable,₹1350,4.1,101
https://www.amazon.in/American-Tourister-FS0-11-001/dp/B07S13P8BW/ref=sr_1_281?crid=2M096C61O4MLT&keywords=bags&qid=1690306608&sprefix=ba%2Caps%2C283&sr=8-281,American Tourister Spin 49 cms Teal Laptop Backpack,₹1699,4.0,1479
https://www.amazon.in/TRAVALATE-Backpack-Charging-Collage-Business/dp/B0BLK8CF12/ref=sr_1_282?crid=2M096C61O4MLT&keywords=bags&qid=1690306608&sprefix=ba%2Caps%2C283&sr=8-282,"TRAVALATE Laptop Backpack with USB Charging Port for Travel, Office, Collage, Business",₹798,3.6,58
https://www.amazon.in/Kuber-Industries-Printed-Multiuses-Hand/dp/B09KG1THDH/ref=sr_1_283?crid=2M096C61O4MLT&keywords=bags&qid=1690306608&sprefix=ba%2Caps%2C283&sr=8-283,Kuber Industries Dot Printed Multiuses Hand,₹295,3.6,18
https://www.amazon.in/HARISSONS-Gator-Laptop-Messenger-Built/dp/B0BZMHKJVN/ref=sr_1_284?crid=2M096C61O4MLT&keywords=bags&qid=1690306608&sprefix=ba%2Caps%2C283&sr=8-284,HARISSONS Gator Laptop Messenger,₹1874,4.3,5
https://www.amazon.in/Martucci-Laptop-Backpack-College-Reflective/dp/B0B7DT6HY3/ref=sr_1_285?crid=2M096C61O4MLT&keywords=bags&qid=1690306608&sprefix=ba%2Caps%2C283&sr=8-285,Martucci Large 35 L Backpack Spacy Unisex/College/School/Travel Backpack with Rain Cover and Reflective Strip,₹746,4.0,1222
https://www.amazon.in/Puma-Unisex-Adult-Backpack-Sapphire-9018403/dp/B0BWF2DRM2/ref=sr_1_286?crid=2M096C61O4MLT&keywords=bags&qid=1690306608&sprefix=ba%2Caps%2C283&sr=8-286,"Puma Unisex-Adult Big Cat Backpack, Star Sapphire (9018403)",₹849,5.0,1
https://www.amazon.in/AirCase-Messenger-Detachable-Compartments-Repellent/dp/B0B74Z4F6P/ref=sr_1_287?crid=2M096C61O4MLT&keywords=bags&qid=1690306608&sprefix=ba%2Caps%2C283&sr=8-287,AirCase Premium Messenger,₹529,3.5,67
https://www.amazon.in/Lavie-Sport-Green-Laptop-Backpack/dp/B083KT79MY/ref=sr_1_288?crid=2M096C61O4MLT&keywords=bags&qid=1690306608&sprefix=ba%2Caps%2C283&sr=8-288,Lavie Sport Rapid Casual Backpack with Laptop Sleeve | Sturdy Backpack for Men and Women | College,₹1379,4.1,146
https://www.amazon.in/TRAVALATE-Backpack-Charging-Collage-Business/dp/B0BLK8CF12/ref=sr_1_289?crid=2M096C61O4MLT&keywords=bags&qid=1690306613&sprefix=ba%2Caps%2C283&sr=8-289,"TRAVALATE Laptop Backpack with USB Charging Port for Travel, Office, Collage, Business",₹798,3.6,58
https://www.amazon.in/AirCase-Messenger-Detachable-Compartments-Repellent/dp/B0B74Z4F6P/ref=sr_1_290?crid=2M096C61O4MLT&keywords=bags&qid=1690306613&sprefix=ba%2Caps%2C283&sr=8-290,AirCase Premium Messenger,₹529,3.5,67
https://www.amazon.in/Lavie-Sport-Green-Laptop-Backpack/dp/B083KT79MY/ref=sr_1_291?crid=2M096C61O4MLT&keywords=bags&qid=1690306613&sprefix=ba%2Caps%2C283&sr=8-291,Lavie Sport Rapid Casual Backpack with Laptop Sleeve | Sturdy Backpack for Men and Women | College,₹1379,4.1,146
https://www.amazon.in/Puma-Unisex-Adult-Backpack-Sapphire-9018403/dp/B0BWF2DRM2/ref=sr_1_292?crid=2M096C61O4MLT&keywords=bags&qid=1690306613&sprefix=ba%2Caps%2C283&sr=8-292,"Puma Unisex-Adult Big Cat Backpack, Star Sapphire (9018403)",₹849,5.0,1
https://www.amazon.in/Tabelito%C2%AE-VOLT-waterproof-Backpack-Compatible/dp/B0BML7Q3J1/ref=sr_1_293?crid=2M096C61O4MLT&keywords=bags&qid=1690306613&sprefix=ba%2Caps%2C283&sr=8-293,Tabelito® VOLT Casual waterproof Laptop Backpack/Office,₹599,4.6,181
https://www.amazon.in/Bennett-15-6-inch-College-Repellent-Backpack/dp/B09WZKHSDR/ref=sr_1_294?crid=2M096C61O4MLT&keywords=bags&qid=1690306613&sprefix=ba%2Caps%2C283&sr=8-294,Bennett Casual Laptop,₹512,3.8,170
https://www.amazon.in/Motherly-Stylish-Babies-Diaper-Mothers/dp/B07DMMWGW8/ref=sr_1_295?crid=2M096C61O4MLT&keywords=bags&qid=1690306613&sprefix=ba%2Caps%2C283&sr=8-295,motherly Stylish Babies Diaper,₹1925,4.6,5860
https://www.amazon.in/GoHustle-Super-Slim-Backpack-Expandable/dp/B0C8GP9NKF/ref=sr_1_296?crid=2M096C61O4MLT&keywords=bags&qid=1690306613&sprefix=ba%2Caps%2C283&sr=8-296,GoHustle Super Slim Tech,₹1695,4.6,7
https://www.amazon.in/NORTH-ZONE-Lightweight-Backpacks-Stylish/dp/B0BL3SDSGZ/ref=sr_1_297?crid=2M096C61O4MLT&keywords=bags&qid=1690306613&sprefix=ba%2Caps%2C283&sr=8-297,NORTH ZONE Lightweight school,₹630,3.9,841
https://www.amazon.in/Lavie-Sport-Casual-Backpack-Charge/dp/B083KW31YD/ref=sr_1_298?crid=2M096C61O4MLT&keywords=bags&qid=1690306613&sprefix=ba%2Caps%2C283&sr=8-298,Lavie Sport Charge Casual Backpack with Laptop Sleeve | School College,₹1009,3.8,312
https://www.amazon.in/Lavie-Sport-Casual-Backpack-PERK/dp/B083KT79N3/ref=sr_1_299?crid=2M096C61O4MLT&keywords=bags&qid=1690306613&sprefix=ba%2Caps%2C283&sr=8-299,Lavie Sport Perk Casual Backpack with Laptop Sleeve | School College,₹799,3.7,230
https://www.amazon.in/PUMA-Laptop-Backpack-IND-Red-Peacoat/dp/B08BTPS12W/ref=sr_1_300?crid=2M096C61O4MLT&keywords=bags&qid=1690306613&sprefix=ba%2Caps%2C283&sr=8-300,Puma unisex-adult PUMA Laptop Backpack IND III Puma Red-Peacoat Laptop,₹1125,2.8,29
https://www.amazon.in/American-Tourister-BOUNCE-BACKPACK-POLYESTER/dp/B0BLC9MQHW/ref=sr_1_301?crid=2M096C61O4MLT&keywords=bags&qid=1690306613&sprefix=ba%2Caps%2C283&sr=8-301,American Tourister BOUNCE CASUAL BACKPACK 28L POLYESTER RED,₹1199,4.0,39
https://www.amazon.in/BUSINESS-ANTI-THEFT-OFFICE-LAPTOP-BACKPACK/dp/B0B466YD7L/ref=sr_1_302?crid=2M096C61O4MLT&keywords=bags&qid=1690306613&sprefix=ba%2Caps%2C283&sr=8-302,Gear 25L Suave Business Anti-Theft Office Laptop Backpack F0R Men/Women (Black),₹915,4.1,71
https://www.amazon.in/Polyester-Gym-Bag-Shoulder-Compartment/dp/B0BXB21C4T/ref=sr_1_303?crid=2M096C61O4MLT&keywords=bags&qid=1690306613&sprefix=ba%2Caps%2C283&sr=8-303,Risen style Polyester Duffle/Gym,₹349,N/A,100+ bought in past month
https://www.amazon.in/American-Tourister-Harp-Duffle-Teal/dp/B0BTHQJ45P/ref=sr_1_304?crid=2M096C61O4MLT&keywords=bags&qid=1690306613&sprefix=ba%2Caps%2C283&sr=8-304,American Tourister Harp Duffle,₹1499,4.0,10
https://www.amazon.in/Gear-LOGI-Q-Resistant-Backpack-Black-White/dp/B0BTJ2VV17/ref=sr_1_305?crid=2M096C61O4MLT&keywords=bags&qid=1690306618&sprefix=ba%2Caps%2C283&sr=8-305,Gear LOGI-Q 27L Water Resistant Laptop,₹945,5.0,2
https://www.amazon.in/American-Tourister-LAPTOP-BACKPACK-POLYESTER/dp/B0BLCC945Z/ref=sr_1_306?crid=2M096C61O4MLT&keywords=bags&qid=1690306618&sprefix=ba%2Caps%2C283&sr=8-306,American Tourister SPIN LAPTOP BACKPACK 28L POLYESTER TEAL,₹1399,4.1,45
